split,validation_event,horizon_minutes,model,threshold_quantile,threshold_value,event_detected,warning_minutes,first_alert_timestamp,false_alarm_episodes,negative_days,false_alarm_episodes_per_day,earliest_warning_360m
fold_F02,F02,15,Random Forest Temporal,0.99,0.0,1,15.0,2020-05-29 23:15:00,34,27.61111111111111,1.2313883299798793,360.0
fold_F02,F02,15,Random Forest Temporal,0.995,0.0,1,15.0,2020-05-29 23:15:00,34,27.61111111111111,1.2313883299798793,360.0
fold_F02,F02,15,Random Forest Temporal,0.999,0.006665240748707123,0,,,19,27.61111111111111,0.6881287726358148,
fold_F02,F02,15,Random Forest Temporal,0.9995,0.03996135864015657,0,,,28,27.61111111111111,1.0140845070422535,
fold_F02,F02,15,LightGBM Current,0.99,0.0001613810154867201,0,,,71,27.61111111111111,2.5714285714285716,
fold_F02,F02,15,LightGBM Current,0.995,0.9928301425020313,0,,,0,27.61111111111111,0.0,
fold_F02,F02,15,LightGBM Current,0.999,0.9942986632457231,0,,,0,27.61111111111111,0.0,
fold_F02,F02,15,LightGBM Current,0.9995,0.9962355850130491,0,,,0,27.61111111111111,0.0,
fold_F02,F02,15,LightGBM Temporal,0.99,2.6041414330668187e-05,0,,,36,27.61111111111111,1.3038229376257546,
fold_F02,F02,15,LightGBM Temporal,0.995,5.900392160577437e-05,0,,,20,27.61111111111111,0.7243460764587525,
fold_F02,F02,15,LightGBM Temporal,0.999,0.0029457686782292988,0,,,4,27.61111111111111,0.1448692152917505,
fold_F02,F02,15,LightGBM Temporal,0.9995,0.026477964758616992,0,,,36,27.61111111111111,1.3038229376257546,
fold_F02,F02,15,Isolation Forest Temporal,0.99,0.068743698422126,1,8.0,2020-05-29 23:22:00,22,27.61111111111111,0.7967806841046278,8.0
fold_F02,F02,15,Isolation Forest Temporal,0.995,0.0981702074224651,1,5.0,2020-05-29 23:25:00,78,27.61111111111111,2.8249496981891347,5.0
fold_F02,F02,15,Isolation Forest Temporal,0.999,0.15383739578751301,0,,,15,27.61111111111111,0.5432595573440644,
fold_F02,F02,15,Isolation Forest Temporal,0.9995,0.18680246077466753,0,,,1,27.61111111111111,0.03621730382293763,
fold_F02,F02,30,Random Forest Temporal,0.99,0.0,1,30.0,2020-05-29 23:00:00,34,27.61111111111111,1.2313883299798793,360.0
fold_F02,F02,30,Random Forest Temporal,0.995,0.0,1,30.0,2020-05-29 23:00:00,34,27.61111111111111,1.2313883299798793,360.0
fold_F02,F02,30,Random Forest Temporal,0.999,0.013318231538102049,0,,,11,27.61111111111111,0.3983903420523139,
fold_F02,F02,30,Random Forest Temporal,0.9995,0.0332908783864486,0,,,29,27.61111111111111,1.0503018108651911,
fold_F02,F02,30,LightGBM Current,0.99,0.00025410941833955064,0,,,3,27.61111111111111,0.10865191146881288,
fold_F02,F02,30,LightGBM Current,0.995,0.9921931628804321,0,,,0,27.61111111111111,0.0,
fold_F02,F02,30,LightGBM Current,0.999,0.9939170367505877,0,,,0,27.61111111111111,0.0,
fold_F02,F02,30,LightGBM Current,0.9995,0.9958944050657734,0,,,0,27.61111111111111,0.0,
fold_F02,F02,30,LightGBM Temporal,0.99,2.5580343022503992e-05,1,30.0,2020-05-29 23:00:00,34,27.61111111111111,1.2313883299798793,360.0
fold_F02,F02,30,LightGBM Temporal,0.995,7.638084915570705e-05,0,,,73,27.61111111111111,2.643863179074447,
fold_F02,F02,30,LightGBM Temporal,0.999,0.008978090426170671,0,,,25,27.61111111111111,0.9054325955734407,
fold_F02,F02,30,LightGBM Temporal,0.9995,0.01104697890980187,0,,,22,27.61111111111111,0.7967806841046278,
fold_F02,F02,30,Isolation Forest Temporal,0.99,0.068743698422126,1,8.0,2020-05-29 23:22:00,22,27.61111111111111,0.7967806841046278,8.0
fold_F02,F02,30,Isolation Forest Temporal,0.995,0.0981702074224651,1,5.0,2020-05-29 23:25:00,78,27.61111111111111,2.8249496981891347,5.0
fold_F02,F02,30,Isolation Forest Temporal,0.999,0.15383739578751301,0,,,15,27.61111111111111,0.5432595573440644,
fold_F02,F02,30,Isolation Forest Temporal,0.9995,0.18680246077466753,0,,,1,27.61111111111111,0.03621730382293763,
fold_F02,F02,60,Random Forest Temporal,0.99,0.0,1,60.0,2020-05-29 22:30:00,34,27.61111111111111,1.2313883299798793,360.0
fold_F02,F02,60,Random Forest Temporal,0.995,0.0,1,60.0,2020-05-29 22:30:00,34,27.61111111111111,1.2313883299798793,360.0
fold_F02,F02,60,Random Forest Temporal,0.999,0.02447341167610356,0,,,22,27.61111111111111,0.7967806841046278,
fold_F02,F02,60,Random Forest Temporal,0.9995,0.08306334200146535,0,,,15,27.61111111111111,0.5432595573440644,
fold_F02,F02,60,LightGBM Current,0.99,0.00022991139954959283,0,,,3,27.61111111111111,0.10865191146881288,
fold_F02,F02,60,LightGBM Current,0.995,0.9903808410508587,0,,,0,27.61111111111111,0.0,
fold_F02,F02,60,LightGBM Current,0.999,0.9942209357020942,0,,,0,27.61111111111111,0.0,
fold_F02,F02,60,LightGBM Current,0.9995,0.9948423260288644,0,,,0,27.61111111111111,0.0,
fold_F02,F02,60,LightGBM Temporal,0.99,2.4764787843005507e-05,1,60.0,2020-05-29 22:30:00,41,27.61111111111111,1.4849094567404426,360.0
fold_F02,F02,60,LightGBM Temporal,0.995,0.00012501222034482786,0,,,34,27.61111111111111,1.2313883299798793,
fold_F02,F02,60,LightGBM Temporal,0.999,0.007968301844365576,0,,,35,27.61111111111111,1.267605633802817,
fold_F02,F02,60,LightGBM Temporal,0.9995,0.015400720454174954,0,,,33,27.61111111111111,1.1951710261569417,
fold_F02,F02,60,Isolation Forest Temporal,0.99,0.068743698422126,1,8.0,2020-05-29 23:22:00,22,27.61111111111111,0.7967806841046278,8.0
fold_F02,F02,60,Isolation Forest Temporal,0.995,0.0981702074224651,1,5.0,2020-05-29 23:25:00,78,27.61111111111111,2.8249496981891347,5.0
fold_F02,F02,60,Isolation Forest Temporal,0.999,0.15383739578751301,0,,,15,27.61111111111111,0.5432595573440644,
fold_F02,F02,60,Isolation Forest Temporal,0.9995,0.18680246077466753,0,,,1,27.61111111111111,0.03621730382293763,
fold_F02,F02,120,Random Forest Temporal,0.99,0.0,1,120.0,2020-05-29 21:30:00,34,27.61111111111111,1.2313883299798793,360.0
fold_F02,F02,120,Random Forest Temporal,0.995,0.0,1,120.0,2020-05-29 21:30:00,34,27.61111111111111,1.2313883299798793,360.0
fold_F02,F02,120,Random Forest Temporal,0.999,0.03647557371580744,0,,,4,27.61111111111111,0.1448692152917505,
fold_F02,F02,120,Random Forest Temporal,0.9995,0.2595531074262601,0,,,5,27.61111111111111,0.18108651911468812,
fold_F02,F02,120,LightGBM Current,0.99,0.00022516585339849108,0,,,3,27.61111111111111,0.10865191146881288,
fold_F02,F02,120,LightGBM Current,0.995,0.9927223660104748,0,,,0,27.61111111111111,0.0,
fold_F02,F02,120,LightGBM Current,0.999,0.9938646301903993,0,,,0,27.61111111111111,0.0,
fold_F02,F02,120,LightGBM Current,0.9995,0.994569145694862,0,,,0,27.61111111111111,0.0,
fold_F02,F02,120,LightGBM Temporal,0.99,2.32045544030719e-05,1,120.0,2020-05-29 21:30:00,36,27.61111111111111,1.3038229376257546,360.0
fold_F02,F02,120,LightGBM Temporal,0.995,0.0005335967136933964,0,,,48,27.61111111111111,1.738430583501006,
fold_F02,F02,120,LightGBM Temporal,0.999,0.00762279052667059,0,,,21,27.61111111111111,0.7605633802816901,
fold_F02,F02,120,LightGBM Temporal,0.9995,0.023681805460953918,0,,,15,27.61111111111111,0.5432595573440644,
fold_F02,F02,120,Isolation Forest Temporal,0.99,0.068743698422126,1,8.0,2020-05-29 23:22:00,22,27.61111111111111,0.7967806841046278,8.0
fold_F02,F02,120,Isolation Forest Temporal,0.995,0.0981702074224651,1,5.0,2020-05-29 23:25:00,78,27.61111111111111,2.8249496981891347,5.0
fold_F02,F02,120,Isolation Forest Temporal,0.999,0.15383739578751301,0,,,15,27.61111111111111,0.5432595573440644,
fold_F02,F02,120,Isolation Forest Temporal,0.9995,0.18680246077466753,0,,,1,27.61111111111111,0.03621730382293763,
fold_F03,F03,15,Random Forest Temporal,0.99,0.0033296652920300302,1,7.0,2020-06-05 09:53:00,15,4.402777777777778,3.406940063091483,7.0
fold_F03,F03,15,Random Forest Temporal,0.995,0.009989265525537349,1,6.0,2020-06-05 09:54:00,0,4.402777777777778,0.0,6.0
fold_F03,F03,15,Random Forest Temporal,0.999,0.21306491673868566,0,,,0,4.402777777777778,0.0,
fold_F03,F03,15,Random Forest Temporal,0.9995,0.3569539042501358,0,,,0,4.402777777777778,0.0,
fold_F03,F03,15,LightGBM Current,0.99,0.000687682838604666,1,7.0,2020-06-05 09:53:00,0,4.402777777777778,0.0,7.0
fold_F03,F03,15,LightGBM Current,0.995,0.008017460729538935,0,,,0,4.402777777777778,0.0,
fold_F03,F03,15,LightGBM Current,0.999,0.9908959915241782,0,,,0,4.402777777777778,0.0,
fold_F03,F03,15,LightGBM Current,0.9995,0.9951393954958726,0,,,0,4.402777777777778,0.0,
fold_F03,F03,15,LightGBM Temporal,0.99,0.0001454111545622868,1,7.0,2020-06-05 09:53:00,11,4.402777777777778,2.498422712933754,7.0
fold_F03,F03,15,LightGBM Temporal,0.995,0.000315484065814692,1,7.0,2020-06-05 09:53:00,6,4.402777777777778,1.362776025236593,7.0
fold_F03,F03,15,LightGBM Temporal,0.999,0.005035776364676164,0,,,0,4.402777777777778,0.0,
fold_F03,F03,15,LightGBM Temporal,0.9995,0.010120587348947833,0,,,0,4.402777777777778,0.0,
fold_F03,F03,15,Isolation Forest Temporal,0.99,0.06554800561404253,0,,,2,4.402777777777778,0.45425867507886436,
fold_F03,F03,15,Isolation Forest Temporal,0.995,0.08808565745971823,0,,,2,4.402777777777778,0.45425867507886436,
fold_F03,F03,15,Isolation Forest Temporal,0.999,0.14539198641100584,0,,,0,4.402777777777778,0.0,
fold_F03,F03,15,Isolation Forest Temporal,0.9995,0.17094542325034578,0,,,0,4.402777777777778,0.0,
fold_F03,F03,30,Random Forest Temporal,0.99,0.00665768005052459,1,6.0,2020-06-05 09:54:00,28,4.402777777777778,6.359621451104101,6.0
fold_F03,F03,30,Random Forest Temporal,0.995,0.029940508847327026,0,,,4,4.402777777777778,0.9085173501577287,
fold_F03,F03,30,Random Forest Temporal,0.999,0.4291992241369922,0,,,0,4.402777777777778,0.0,
fold_F03,F03,30,Random Forest Temporal,0.9995,0.6288339470838947,0,,,0,4.402777777777778,0.0,
fold_F03,F03,30,LightGBM Current,0.99,0.007123195516590011,0,,,118,4.402777777777778,26.801261829652997,142.0
fold_F03,F03,30,LightGBM Current,0.995,0.07831533626088913,0,,,51,4.402777777777778,11.583596214511042,
fold_F03,F03,30,LightGBM Current,0.999,0.9916408539371542,0,,,0,4.402777777777778,0.0,
fold_F03,F03,30,LightGBM Current,0.9995,0.9916408539371542,0,,,0,4.402777777777778,0.0,
fold_F03,F03,30,LightGBM Temporal,0.99,0.0004959421743422833,1,7.0,2020-06-05 09:53:00,5,4.402777777777778,1.135646687697161,7.0
fold_F03,F03,30,LightGBM Temporal,0.995,0.001335608870674644,1,7.0,2020-06-05 09:53:00,3,4.402777777777778,0.6813880126182965,7.0
fold_F03,F03,30,LightGBM Temporal,0.999,0.009134508664077076,0,,,3,4.402777777777778,0.6813880126182965,
fold_F03,F03,30,LightGBM Temporal,0.9995,0.015478401773543263,0,,,2,4.402777777777778,0.45425867507886436,
fold_F03,F03,30,Isolation Forest Temporal,0.99,0.06554800561404253,0,,,2,4.402777777777778,0.45425867507886436,
fold_F03,F03,30,Isolation Forest Temporal,0.995,0.08808565745971823,0,,,2,4.402777777777778,0.45425867507886436,
fold_F03,F03,30,Isolation Forest Temporal,0.999,0.14539198641100584,0,,,0,4.402777777777778,0.0,
fold_F03,F03,30,Isolation Forest Temporal,0.9995,0.17094542325034578,0,,,0,4.402777777777778,0.0,
fold_F03,F03,60,Random Forest Temporal,0.99,0.04305065329645981,1,1.0,2020-06-05 09:59:00,84,4.402777777777778,19.078864353312305,96.0
fold_F03,F03,60,Random Forest Temporal,0.995,0.08275654564158223,0,,,41,4.402777777777778,9.31230283911672,
fold_F03,F03,60,Random Forest Temporal,0.999,0.3981280286956476,0,,,0,4.402777777777778,0.0,
fold_F03,F03,60,Random Forest Temporal,0.9995,0.5342258630444342,0,,,0,4.402777777777778,0.0,
fold_F03,F03,60,LightGBM Current,0.99,0.18419795842859196,1,22.0,2020-06-05 09:38:00,139,4.402777777777778,31.57097791798107,144.0
fold_F03,F03,60,LightGBM Current,0.995,0.6763951753395314,1,6.0,2020-06-05 09:54:00,43,4.402777777777778,9.766561514195583,6.0
fold_F03,F03,60,LightGBM Current,0.999,0.9910367115529147,0,,,0,4.402777777777778,0.0,
fold_F03,F03,60,LightGBM Current,0.9995,0.9910367115529147,0,,,0,4.402777777777778,0.0,
fold_F03,F03,60,LightGBM Temporal,0.99,0.00045030237779047157,1,7.0,2020-06-05 09:53:00,44,4.402777777777778,9.993690851735016,7.0
fold_F03,F03,60,LightGBM Temporal,0.995,0.0015131196829780403,1,7.0,2020-06-05 09:53:00,30,4.402777777777778,6.813880126182966,7.0
fold_F03,F03,60,LightGBM Temporal,0.999,0.011420828279934864,0,,,18,4.402777777777778,4.0883280757097795,
fold_F03,F03,60,LightGBM Temporal,0.9995,0.025031589052714704,0,,,16,4.402777777777778,3.634069400630915,
fold_F03,F03,60,Isolation Forest Temporal,0.99,0.06554800561404253,0,,,2,4.402777777777778,0.45425867507886436,
fold_F03,F03,60,Isolation Forest Temporal,0.995,0.08808565745971823,0,,,2,4.402777777777778,0.45425867507886436,
fold_F03,F03,60,Isolation Forest Temporal,0.999,0.14539198641100584,0,,,0,4.402777777777778,0.0,
fold_F03,F03,60,Isolation Forest Temporal,0.9995,0.17094542325034578,0,,,0,4.402777777777778,0.0,
fold_F03,F03,120,Random Forest Temporal,0.99,0.05913819913358538,1,94.0,2020-06-05 08:26:00,96,4.402777777777778,21.80441640378549,182.0
fold_F03,F03,120,Random Forest Temporal,0.995,0.10171004107351184,1,94.0,2020-06-05 08:26:00,48,4.402777777777778,10.902208201892744,181.0
fold_F03,F03,120,Random Forest Temporal,0.999,0.33436106780292185,0,,,4,4.402777777777778,0.9085173501577287,
fold_F03,F03,120,Random Forest Temporal,0.9995,0.4934840721232007,0,,,0,4.402777777777778,0.0,
fold_F03,F03,120,LightGBM Current,0.99,0.3795125796755338,1,112.0,2020-06-05 08:08:00,153,4.402777777777778,34.75078864353313,112.0
fold_F03,F03,120,LightGBM Current,0.995,0.8177021808477208,0,,,40,4.402777777777778,9.085173501577287,
fold_F03,F03,120,LightGBM Current,0.999,0.990571372664524,0,,,0,4.402777777777778,0.0,
fold_F03,F03,120,LightGBM Current,0.9995,0.990571372664524,0,,,0,4.402777777777778,0.0,
fold_F03,F03,120,LightGBM Temporal,0.99,0.0006862397770196319,1,94.0,2020-06-05 08:26:00,69,4.402777777777778,15.67192429022082,182.0
fold_F03,F03,120,LightGBM Temporal,0.995,0.001914302737110033,1,7.0,2020-06-05 09:53:00,32,4.402777777777778,7.26813880126183,182.0
fold_F03,F03,120,LightGBM Temporal,0.999,0.013211723660935974,0,,,20,4.402777777777778,4.542586750788644,181.0
fold_F03,F03,120,LightGBM Temporal,0.9995,0.026998557532130256,0,,,19,4.402777777777778,4.315457413249211,181.0
fold_F03,F03,120,Isolation Forest Temporal,0.99,0.06554800561404253,0,,,2,4.402777777777778,0.45425867507886436,
fold_F03,F03,120,Isolation Forest Temporal,0.995,0.08808565745971823,0,,,2,4.402777777777778,0.45425867507886436,
fold_F03,F03,120,Isolation Forest Temporal,0.999,0.14539198641100584,0,,,0,4.402777777777778,0.0,
fold_F03,F03,120,Isolation Forest Temporal,0.9995,0.17094542325034578,0,,,0,4.402777777777778,0.0,
