split,horizon_minutes,model,role,samples,mean,median,p50,p75,p90,p95,p99,max
fold_F02,15,Logistic Current,validation_negative,39760,0.000278770212348753,1.3904421813450923e-13,1.3904421813450923e-13,5.082341920866855e-10,2.2648720141972976e-07,3.026168589401163e-06,0.0001998266346923346,0.8851748751433489
fold_F02,15,Logistic Current,validation_ambiguous,345,2.1923932174531704e-08,2.2402781608993124e-14,2.2402781608993124e-14,1.3019462544193702e-11,1.3363336196698043e-09,7.585905124295235e-09,2.2890860345331694e-08,7.2303650782606625e-06
fold_F02,15,Logistic Current,validation_positive,15,8.679845809261172e-11,4.3438587287702437e-13,4.3438587287702437e-13,2.9911943532333234e-12,2.2386649555340864e-10,5.222625269172977e-10,8.334217163364282e-10,9.112115136912111e-10
fold_F02,15,Logistic Temporal,validation_negative,39760,0.0015502670629168936,2.650319419896265e-28,2.650319419896265e-28,6.929191036389363e-24,1.1743475943790211e-20,1.0147733872046715e-08,0.002515069248056862,0.9878071328234662
fold_F02,15,Logistic Temporal,validation_ambiguous,345,4.121868005362821e-21,1.1299564230184065e-26,1.1299564230184065e-26,5.857389640143673e-25,1.0484906086830113e-22,3.2750852496906263e-21,8.292698539188392e-20,7.171884296596645e-19
fold_F02,15,Logistic Temporal,validation_positive,15,1.9171931778653955e-28,3.6895392336039215e-43,3.6895392336039215e-43,5.30180520528322e-43,2.3718614921030785e-42,8.627369300394246e-28,2.4731791994463525e-27,2.8757897667980858e-27
fold_F02,15,Static Normal-Range,validation_negative,39760,0.03596938775510204,0.0,0.0,0.0,0.14285714285714285,0.42857142857142855,0.42857142857142855,0.7142857142857143
fold_F02,15,Static Normal-Range,validation_ambiguous,345,0.010766045548654244,0.0,0.0,0.0,0.0,0.0,0.2857142857142857,0.42857142857142855
fold_F02,15,Static Normal-Range,validation_positive,15,0.15238095238095234,0.14285714285714285,0.14285714285714285,0.14285714285714285,0.14285714285714285,0.18571428571428555,0.2657142857142856,0.2857142857142857
fold_F02,30,Logistic Current,validation_negative,39760,0.005667086358793959,9.444010311561343e-15,9.444010311561343e-15,4.128773750195844e-11,7.803834137983573e-08,4.324931805223335e-06,0.011394416635363,0.9999999558238508
fold_F02,30,Logistic Current,validation_ambiguous,330,7.13267925327482e-08,1.9131973346615945e-15,1.9131973346615945e-15,4.76785155228564e-13,3.1994164280875996e-10,3.786764937881137e-09,2.650473394972888e-08,2.3260040349921847e-05
fold_F02,30,Logistic Current,validation_positive,30,0.001523747079303079,2.2738165371185033e-09,2.2738165371185033e-09,2.713533782796632e-06,0.0008438119906352035,0.006283295407462958,0.026661087545862976,0.03320239059711224
fold_F02,30,Logistic Temporal,validation_negative,39760,0.04008373305960842,2.9224341539071463e-22,2.9224341539071463e-22,8.058386106695932e-19,3.0742636670173105e-10,0.0019539038999550054,1.0,1.0
fold_F02,30,Logistic Temporal,validation_ambiguous,330,3.583112928774747e-18,1.985965871973773e-20,1.985965871973773e-20,4.396186034581334e-19,4.034233433914002e-18,1.3642644128137903e-17,9.454517063179574e-17,2.300524397582096e-16
fold_F02,30,Logistic Temporal,validation_positive,30,5.26907918125869e-18,1.1471598320568398e-19,1.1471598320568398e-19,2.805261362786116e-18,1.3997868948801032e-17,1.8885342632512933e-17,5.973297355781575e-17,7.512455976780966e-17
fold_F02,30,Static Normal-Range,validation_negative,39760,0.03596938775510204,0.0,0.0,0.0,0.14285714285714285,0.42857142857142855,0.42857142857142855,0.7142857142857143
fold_F02,30,Static Normal-Range,validation_ambiguous,330,0.011255411255411255,0.0,0.0,0.0,0.0,0.0,0.2857142857142857,0.42857142857142855
fold_F02,30,Static Normal-Range,validation_positive,30,0.07619047619047617,0.07142857142857142,0.07142857142857142,0.14285714285714285,0.14285714285714285,0.14285714285714285,0.24428571428571438,0.2857142857142857
fold_F02,60,Logistic Current,validation_negative,39760,0.004990749194440265,2.4543528350092952e-14,2.4543528350092952e-14,1.0209940791111533e-10,1.1434717783495048e-07,5.253151599135262e-06,0.007320619592378846,0.9999997807468063
fold_F02,60,Logistic Current,validation_ambiguous,300,1.185411744190822e-07,3.110929718852554e-15,3.110929718852554e-15,1.052975719986586e-12,6.299279739273855e-10,7.076463722457062e-09,4.443444070756561e-08,3.51441433894571e-05
fold_F02,60,Logistic Current,validation_positive,60,0.0007896030042313155,1.2260634915186233e-12,1.2260634915186233e-12,4.329619338519194e-09,5.614100629578281e-06,0.00028917554831376513,0.02090606321596303,0.036989262439659325
fold_F02,60,Logistic Temporal,validation_negative,39760,0.033343825390875076,2.1932548347862712e-25,2.1932548347862712e-25,7.766605729606121e-23,1.4349071473806846e-11,0.0006194514143729927,1.0,1.0
fold_F02,60,Logistic Temporal,validation_ambiguous,300,1.7212953777729166e-23,1.6997275845402532e-26,1.6997275845402532e-26,6.076880367592717e-25,1.7696485931164533e-23,7.249943053276575e-23,4.114485464044646e-22,7.86403823923806e-22
fold_F02,60,Logistic Temporal,validation_positive,60,1.5267492801671976e-23,1.686468204318529e-26,1.686468204318529e-26,5.118325011385446e-25,2.338739995810668e-23,8.488823159195715e-23,2.5057411047714563e-22,3.2098183500071324e-22
fold_F02,60,Static Normal-Range,validation_negative,39760,0.03596938775510204,0.0,0.0,0.0,0.14285714285714285,0.42857142857142855,0.42857142857142855,0.7142857142857143
fold_F02,60,Static Normal-Range,validation_ambiguous,300,0.011904761904761904,0.0,0.0,0.0,0.0,0.007142857142858766,0.2857142857142857,0.42857142857142855
fold_F02,60,Static Normal-Range,validation_positive,60,0.04047619047619047,0.0,0.0,0.14285714285714285,0.14285714285714285,0.14285714285714285,0.20142857142857093,0.2857142857142857
fold_F02,120,Logistic Current,validation_negative,39760,0.0004660896557793209,2.7620826346777957e-15,2.7620826346777957e-15,8.078740084517901e-11,1.7905279724397754e-08,7.768349946573268e-07,7.859467987828257e-05,0.9815646808268254
fold_F02,120,Logistic Current,validation_ambiguous,240,2.4673171471725867e-07,1.0379785653515095e-15,1.0379785653515095e-15,9.649497294877776e-13,2.0754613568128316e-10,5.1087762529629314e-09,7.303985430952728e-08,5.875491432018292e-05
fold_F02,120,Logistic Current,validation_positive,120,3.182820133505518e-09,2.3817107032020732e-14,2.3817107032020732e-14,1.0820213989580434e-11,3.3015452765155386e-09,2.5732422572517484e-08,5.790596423850932e-08,6.740212918556515e-08
fold_F02,120,Logistic Temporal,validation_negative,39760,0.06277031374190875,1.8299344487727248e-16,1.8299344487727248e-16,4.562983833232349e-14,1.2832757804305366e-10,0.9796586672959985,1.0,1.0
fold_F02,120,Logistic Temporal,validation_ambiguous,240,7.679127560252892e-16,1.2470829180703853e-17,1.2470829180703853e-17,9.900524702681765e-17,1.4885817613713064e-15,4.817606871705362e-15,1.256559031942876e-14,2.7124312788656643e-14
fold_F02,120,Logistic Temporal,validation_positive,120,2.8168368323399055e-16,1.0431652044682572e-18,1.0431652044682572e-18,1.9741039612451726e-17,3.7327903906298046e-16,6.490247545154714e-16,7.398058594415133e-15,1.1269085752835399e-14
fold_F02,120,Static Normal-Range,validation_negative,39760,0.03596938775510204,0.0,0.0,0.0,0.14285714285714285,0.42857142857142855,0.42857142857142855,0.7142857142857143
fold_F02,120,Static Normal-Range,validation_ambiguous,240,0.007142857142857143,0.0,0.0,0.0,0.0,0.0,0.2857142857142857,0.2857142857142857
fold_F02,120,Static Normal-Range,validation_positive,120,0.035714285714285705,0.0,0.0,0.0,0.14285714285714285,0.14999999999999958,0.2857142857142857,0.42857142857142855
fold_F03,15,Logistic Current,validation_negative,6340,0.006520044839092447,6.973514779668274e-09,6.973514779668274e-09,3.7592919752376016e-06,0.00010108429671467495,0.0005286309597837752,0.12577347297664915,0.999994780937972
fold_F03,15,Logistic Current,validation_ambiguous,345,0.004038032899399555,1.0903218194709274e-08,1.0903218194709274e-08,5.0235306238824526e-06,0.00010758485808628031,0.0004689406758834649,0.004589193482120802,0.9926127711051158
fold_F03,15,Logistic Current,validation_positive,15,0.3865650054885827,0.3333422652727701,0.3333422652727701,0.7906894333524525,0.8438160651700436,0.8993380880469545,0.9798028719195156,0.9999190678876559
fold_F03,15,Logistic Temporal,validation_negative,6340,4.535861965421182e-05,1.5192409205489365e-21,1.5192409205489365e-21,9.8190322366643e-19,1.4511621977458464e-15,8.685121310843115e-13,1.9668601407516714e-06,0.23178308148335014
fold_F03,15,Logistic Temporal,validation_ambiguous,345,7.187780324994538e-07,2.6931210074312946e-20,2.6931210074312946e-20,5.246810121714386e-18,3.407550549726553e-16,8.040929420157707e-13,8.076804069833233e-08,0.00020746612578672536
fold_F03,15,Logistic Temporal,validation_positive,15,0.11843703117348926,1.3778530406919144e-06,1.3778530406919144e-06,0.021226689147128053,0.4707882926653348,0.8028953111563061,0.9053736912251744,0.9309932862423915
fold_F03,15,Static Normal-Range,validation_negative,6340,0.01063542136097341,0.0,0.0,0.0,0.0,0.14285714285714285,0.2857142857142857,0.42857142857142855
fold_F03,15,Static Normal-Range,validation_ambiguous,345,0.005383022774327122,0.0,0.0,0.0,0.0,0.0,0.14285714285714285,0.2857142857142857
fold_F03,15,Static Normal-Range,validation_positive,15,0.07619047619047617,0.14285714285714285,0.14285714285714285,0.14285714285714285,0.14285714285714285,0.14285714285714285,0.14285714285714285,0.14285714285714285
fold_F03,30,Logistic Current,validation_negative,6340,0.3004790772237817,0.08102663315334854,0.08102663315334854,0.6531139647395464,0.8065964254155552,0.8727781539857675,0.9646829351772405,0.9988132509961705
fold_F03,30,Logistic Current,validation_ambiguous,330,0.3325721278076819,0.17975371949474434,0.17975371949474434,0.6785824692403741,0.8081742232220727,0.8676194421827439,0.9567995809237817,0.9842970462081597
fold_F03,30,Logistic Current,validation_positive,30,0.4001807800066048,0.2015016052843324,0.2015016052843324,0.9227830527456357,0.9975104705859663,0.9981694510889387,0.99913850485997,0.9994429896342679
fold_F03,30,Logistic Temporal,validation_negative,6340,0.0012539473593205866,4.7275231454423e-15,4.7275231454423e-15,7.250288644576565e-11,9.070825645267305e-08,2.343918562570354e-06,0.0009386522241326047,0.9954274247120898
fold_F03,30,Logistic Temporal,validation_ambiguous,330,5.3189043179342794e-05,2.2143950640627762e-13,2.2143950640627762e-13,2.1013658898532266e-09,3.08504992615791e-07,2.5618643491203097e-06,0.00010923707916325948,0.014094212493100085
fold_F03,30,Logistic Temporal,validation_positive,30,0.02005553068227881,5.7382756615241284e-18,5.7382756615241284e-18,8.544147555708981e-07,0.00023049192216938923,0.03882249558507666,0.3971301288424858,0.5306481469761344
fold_F03,30,Static Normal-Range,validation_negative,6340,0.01063542136097341,0.0,0.0,0.0,0.0,0.14285714285714285,0.2857142857142857,0.42857142857142855
fold_F03,30,Static Normal-Range,validation_ambiguous,330,0.005194805194805195,0.0,0.0,0.0,0.0,0.0,0.14285714285714285,0.2857142857142857
fold_F03,30,Static Normal-Range,validation_positive,30,0.042857142857142844,0.0,0.0,0.14285714285714285,0.14285714285714285,0.14285714285714285,0.14285714285714285,0.14285714285714285
fold_F03,60,Logistic Current,validation_negative,6340,0.45857619038487335,0.5071331371088122,0.5071331371088122,0.7295763726455764,0.8590170132091637,0.9119327603744889,0.9655089232771348,0.9999854232296759
fold_F03,60,Logistic Current,validation_ambiguous,300,0.49915115842766244,0.5513579302135079,0.5513579302135079,0.7448939019913376,0.8516187475111339,0.8981740446859672,0.9565316906726138,0.9887428908878797
fold_F03,60,Logistic Current,validation_positive,60,0.3764556794321161,0.35358522791773495,0.35358522791773495,0.6172802885821654,0.859943523189726,0.9595495082367961,0.9968065490576877,0.9999998237316083
fold_F03,60,Logistic Temporal,validation_negative,6340,0.12770886089570957,7.022031327298306e-05,7.022031327298306e-05,0.022990332966596846,0.697798212321945,0.9663028446666939,0.9999429585412912,0.9999999999898437
fold_F03,60,Logistic Temporal,validation_ambiguous,300,0.014658941591945135,3.1656433884131595e-06,3.1656433884131595e-06,0.00016052148685464417,0.009532702352602838,0.055255990329645566,0.3213816045231345,0.6216931549469004
fold_F03,60,Logistic Temporal,validation_positive,60,0.07391053173006236,1.6711223447700197e-09,1.6711223447700197e-09,2.4130767516069276e-05,0.17788024864758506,0.6465747960673043,0.9352376117781366,0.9356442072509897
fold_F03,60,Static Normal-Range,validation_negative,6340,0.01063542136097341,0.0,0.0,0.0,0.0,0.14285714285714285,0.2857142857142857,0.42857142857142855
fold_F03,60,Static Normal-Range,validation_ambiguous,300,0.004285714285714285,0.0,0.0,0.0,0.0,0.0,0.14285714285714285,0.2857142857142857
fold_F03,60,Static Normal-Range,validation_positive,60,0.028571428571428567,0.0,0.0,0.0,0.14285714285714285,0.14285714285714285,0.20142857142857093,0.2857142857142857
fold_F03,120,Logistic Current,validation_negative,6340,0.5435465245337349,0.5947678777101777,0.5947678777101777,0.7655898180106143,0.8795745968576459,0.9194967078328344,0.9706181784651247,0.9999948678246819
fold_F03,120,Logistic Current,validation_ambiguous,240,0.6130903762114728,0.6667680261568258,0.6667680261568258,0.8056018082297068,0.8730220506440713,0.909148950843854,0.9629547156855337,0.9804418088534016
fold_F03,120,Logistic Current,validation_positive,120,0.5212943520160808,0.541673927995182,0.541673927995182,0.7059962918248509,0.8452616065992898,0.9073351274570324,0.9878978704424033,0.9967732974567122
fold_F03,120,Logistic Temporal,validation_negative,6340,0.23184122843944005,0.0011728422373219701,0.0011728422373219701,0.32985765520114413,0.9900005945329744,0.9994090037632289,0.9999957237107114,0.9999999643152465
fold_F03,120,Logistic Temporal,validation_ambiguous,240,0.016016852411644474,9.376176859750235e-06,9.376176859750235e-06,0.00020175512089947145,0.004871677744246758,0.06187902150146449,0.3971652418052539,0.6603488113878206
fold_F03,120,Logistic Temporal,validation_positive,120,0.03339488004115608,1.9640506900066594e-06,1.9640506900066594e-06,6.395585461592144e-05,0.00705771968444194,0.204414531453151,0.7427917301313448,0.943291178785274
fold_F03,120,Static Normal-Range,validation_negative,6340,0.01063542136097341,0.0,0.0,0.0,0.0,0.14285714285714285,0.2857142857142857,0.42857142857142855
fold_F03,120,Static Normal-Range,validation_ambiguous,240,0.004166666666666667,0.0,0.0,0.0,0.0,0.0,0.14285714285714285,0.2857142857142857
fold_F03,120,Static Normal-Range,validation_positive,120,0.016666666666666666,0.0,0.0,0.0,0.14285714285714285,0.14285714285714285,0.14285714285714285,0.2857142857142857
