timestamp,DV_pressure_min,Motor_current_x_COMP1,Oil_temperature_min,H1_std,DV_pressure_max,DV_pressure_min_z,Motor_current_x_COMP1_z,Oil_temperature_min_z,H1_std_z,DV_pressure_max_z
2020-07-15 14:31:00,-0.009999999999998,0.0,81.85,0.0015055453054173336,-0.0079999999999991,1.6862925372581525,-1.1357631932471433,2.6820967687299064,-0.5240201651649845,-0.14560194602934765
2020-07-15 14:32:00,-0.009999999999998,0.0,82.54999999999998,0.0015118578920377784,-0.0060000000000002,1.6862925372581525,-1.1357631932471433,2.939541280740544,-0.5240165320140905,-0.1425613577950802
2020-07-15 14:33:00,-0.009999999999998,0.0,82.69999999999999,0.0010954451150117018,-0.0079999999999991,1.6862925372581525,-1.1357631932471433,2.994707961885683,-0.5242561945397884,-0.14560194602934765
2020-07-15 14:34:00,-0.009999999999998,0.0,83.07500000000002,0.013589211407093663,0.0079999999999991,1.6862925372581525,-1.1357631932471433,3.1326246647485374,-0.5170655228067419,-0.12127724015519749
2020-07-15 14:35:00,-0.009999999999998,0.0,83.4,0.0008164965809287466,-0.0079999999999991,1.6862925372581525,-1.1357631932471433,3.2521524738963308,-0.5244167407907837,-0.14560194602934765
2020-07-15 14:36:00,-0.009999999999998,0.0,84.275,0.0012649110640677943,-0.0079999999999991,1.6862925372581525,-1.1357631932471433,3.5739581139096326,-0.5241586599788639,-0.14560194602934765
2020-07-15 14:37:00,-0.009999999999998,0.0,84.375,0.0017888543820004576,-0.0079999999999991,1.6862925372581525,-1.1357631932471433,3.610735901339722,-0.5238571092440495,-0.14560194602934765
2020-07-15 14:38:00,-0.009999999999998,0.0,84.54999999999998,0.0008164965809287466,-0.0079999999999991,1.6862925372581525,-1.1357631932471433,3.675097029342376,-0.5244167407907837,-0.14560194602934765
2020-07-15 14:39:00,-0.009999999999998,0.0,84.875,0.0015055453054189278,-0.0079999999999991,1.6862925372581525,-1.1357631932471433,3.79462483849018,-0.5240201651649836,-0.14560194602934765
2020-07-15 14:40:00,-0.009999999999998,0.0,85.525,0.0,-0.0079999999999991,1.6862925372581525,-1.1357631932471433,4.033680456785778,-0.5248866678525965,-0.14560194602934765
2020-07-15 14:41:00,-0.009999999999998,0.0,85.775,0.0,-0.0079999999999991,1.6862925372581525,-1.1357631932471433,4.125624925361007,-0.5248866678525965,-0.14560194602934765
2020-07-15 14:42:00,-0.009999999999998,0.0,86.17500000000001,0.0012649110640677948,-0.0079999999999991,1.6862925372581525,-1.1357631932471433,4.272736075081375,-0.5241586599788639,-0.14560194602934765
2020-07-15 14:43:00,-0.009999999999998,0.0,86.27499999999998,0.0015055453054188973,-0.0079999999999991,1.6862925372581525,-1.1357631932471433,4.309513862511454,-0.5240201651649836,-0.14560194602934765
2020-07-15 14:44:00,-0.009999999999998,0.0,86.94999999999999,0.0008164965809272361,-0.0079999999999991,1.6862925372581525,-1.1357631932471433,4.557763927664577,-0.5244167407907846,-0.14560194602934765
2020-07-15 14:45:00,-0.009999999999998,0.0,87.20000000000002,0.001032795558988025,-0.0079999999999991,1.6862925372581525,-1.1357631932471433,4.6497083962398165,-0.5242922519128059,-0.14560194602934765
2020-07-15 14:46:00,-0.009999999999998,0.0,87.15,0.0016329931618563175,-0.0079999999999991,1.6862925372581525,-1.1357631932471433,4.631319502524766,-0.5239468137289717,-0.14560194602934765
2020-07-15 14:47:00,-0.009999999999998,0.0,87.375,0.001032795558988025,-0.0079999999999991,1.6862925372581525,-1.1357631932471433,4.71406952424247,-0.5242922519128059,-0.14560194602934765
2020-07-15 14:48:00,-0.009999999999998,0.0,87.35,0.001032795558988025,-0.0060000000000002,1.6862925372581525,-1.1357631932471433,4.704875077384946,-0.5242922519128059,-0.1425613577950802
2020-07-15 14:49:00,-0.009999999999998,0.0,87.5,0.001032795558988025,-0.0079999999999991,1.6862925372581525,-1.1357631932471433,4.760041758530085,-0.5242922519128059,-0.14560194602934765
2020-07-15 14:50:00,-0.009999999999998,0.0,86.875,0.002658320271650387,-0.0060000000000002,1.6862925372581525,-1.1357631932471433,4.530180587092013,-0.5233566961860979,-0.1425613577950802
2020-07-15 14:51:00,-0.009999999999998,0.0,86.75,0.001799470821683795,-0.0079999999999991,1.6862925372581525,-1.1357631932471433,4.484208352804398,-0.5238509990502975,-0.14560194602934765
2020-07-15 14:52:00,-0.0120000000000004,0.0,86.85,0.001032795558988025,-0.0079999999999991,0.8512645958366191,-1.1357631932471433,4.520986140234488,-0.5242922519128059,-0.14560194602934765
2020-07-15 14:53:00,-0.0120000000000004,0.0,86.69999999999999,0.0015055453054184057,-0.009999999999998,0.8512645958366191,-1.1357631932471433,4.465819459089348,-0.5240201651649838,-0.14864253426361507
2020-07-15 14:54:00,-0.009999999999998,0.0,86.67499999999998,0.0008164965809272771,-0.009999999999998,1.6862925372581525,-1.1357631932471433,4.4566250122318225,-0.5244167407907846,-0.14864253426361507
2020-07-15 14:55:00,-0.009999999999998,0.0,86.9,0.0015055453054189278,-0.009999999999998,1.6862925372581525,-1.1357631932471433,4.539375033949537,-0.5240201651649836,-0.14864253426361507
2020-07-15 14:56:00,-0.0120000000000004,0.0,86.775,0.0008164965809287466,-0.009999999999998,0.8512645958366191,-1.1357631932471433,4.493402799661923,-0.5244167407907837,-0.14864253426361507
2020-07-15 14:57:00,-0.009999999999998,0.0,86.92500000000001,0.0017888543820004576,-0.0079999999999991,1.6862925372581525,-1.1357631932471433,4.548569480807062,-0.5238571092440495,-0.14560194602934765
2020-07-15 14:58:00,-0.009999999999998,0.0,87.07499999999999,0.0010954451150117018,-0.0079999999999991,1.6862925372581525,-1.1357631932471433,4.603736161952192,-0.5242561945397884,-0.14560194602934765
2020-07-15 14:59:00,-0.009999999999998,0.0,87.15,0.0008164965809287468,-0.0079999999999991,1.6862925372581525,-1.1357631932471433,4.631319502524766,-0.5244167407907837,-0.14560194602934765
2020-07-15 15:00:00,-0.009999999999998,0.0,87.35,0.0008164965809287468,-0.0079999999999991,1.6862925372581525,-1.1357631932471433,4.704875077384946,-0.5244167407907837,-0.14560194602934765
2020-07-15 15:01:00,-0.009999999999998,0.0,87.375,0.0015055453054189278,-0.0079999999999991,1.6862925372581525,-1.1357631932471433,4.71406952424247,-0.5240201651649836,-0.14560194602934765
2020-07-15 15:02:00,-0.009999999999998,0.0,87.45000000000002,0.0010327955589899357,-0.0079999999999991,1.6862925372581525,-1.1357631932471433,4.7416528648150456,-0.5242922519128048,-0.14560194602934765
2020-07-15 15:03:00,-0.009999999999998,0.0,87.525,0.0010327955589899357,-0.0079999999999991,1.6862925372581525,-1.1357631932471433,4.76923620538761,-0.5242922519128048,-0.14560194602934765
2020-07-15 15:04:00,-0.009999999999998,0.0,87.82499999999999,0.0008164965809287466,-0.0079999999999991,1.6862925372581525,-1.1357631932471433,4.879569567677879,-0.5244167407907837,-0.14560194602934765
2020-07-15 15:05:00,-0.009999999999998,0.0,87.57499999999999,0.0010954451150117018,-0.0060000000000002,1.6862925372581525,-1.1357631932471433,4.78762509910265,-0.5242561945397884,-0.1425613577950802
2020-07-15 15:06:00,-0.009999999999998,0.0,87.65,0.0020655911179777477,-0.0079999999999991,1.6862925372581525,-1.1357631932471433,4.815208439675224,-0.5236978359730144,-0.14560194602934765
2020-07-15 15:07:00,-0.009999999999998,0.0,87.17500000000001,0.001505545305418406,-0.0079999999999991,1.6862925372581525,-1.1357631932471433,4.640513949382291,-0.5240201651649838,-0.14560194602934765
2020-07-15 15:08:00,-0.009999999999998,0.0,87.15,0.0017888543820004132,-0.0079999999999991,1.6862925372581525,-1.1357631932471433,4.631319502524766,-0.5238571092440495,-0.14560194602934765
2020-07-15 15:09:00,-0.009999999999998,0.0,86.80000000000001,0.001069044967649056,-0.0079999999999991,1.6862925372581525,-1.1357631932471433,4.502597246519448,-0.5242713889006362,-0.14560194602934765
2020-07-15 15:10:00,-0.009999999999998,0.0,87.45000000000002,0.0015055453054188975,-0.0079999999999991,1.6862925372581525,-1.1357631932471433,4.7416528648150456,-0.5240201651649836,-0.14560194602934765
2020-07-15 15:11:00,-0.009999999999998,0.0,87.27499999999998,0.0,-0.0079999999999991,1.6862925372581525,-1.1357631932471433,4.6772917368123705,-0.5248866678525965,-0.14560194602934765
2020-07-15 15:12:00,-0.009999999999998,0.0,87.475,0.001264911064067763,-0.0079999999999991,1.6862925372581525,-1.1357631932471433,4.75084731167256,-0.5241586599788639,-0.14560194602934765
2020-07-15 15:13:00,-0.009999999999998,0.0,87.125,0.0,-0.0079999999999991,1.6862925372581525,-1.1357631932471433,4.622125055667241,-0.5248866678525965,-0.14560194602934765
2020-07-15 15:14:00,-0.009999999999998,0.0,86.85,0.0010327955589899357,-0.0079999999999991,1.6862925372581525,-1.1357631932471433,4.520986140234488,-0.5242922519128048,-0.14560194602934765
2020-07-15 15:15:00,-0.009999999999998,0.0,86.9,0.0008164965809287466,-0.0079999999999991,1.6862925372581525,-1.1357631932471433,4.539375033949537,-0.5244167407907837,-0.14560194602934765
2020-07-15 15:16:00,-0.009999999999998,0.0,86.875,0.0,-0.0079999999999991,1.6862925372581525,-1.1357631932471433,4.530180587092013,-0.5248866678525965,-0.14560194602934765
2020-07-15 15:17:00,-0.009999999999998,0.0,86.0,0.0016329931618562852,-0.0079999999999991,1.6862925372581525,-1.1357631932471433,4.208374947078711,-0.5239468137289717,-0.14560194602934765
2020-07-15 15:18:00,-0.0079999999999991,0.0,85.94999999999999,0.001032795558988025,-0.0079999999999991,2.5213204786782253,-1.1357631932471433,4.189986053363661,-0.5242922519128059,-0.14560194602934765
2020-07-15 15:19:00,-0.009999999999998,0.0,85.975,0.0016329931618559827,-0.0079999999999991,1.6862925372581525,-1.1357631932471433,4.1991805002211855,-0.5239468137289719,-0.14560194602934765
2020-07-15 15:20:00,-0.009999999999998,0.0,85.875,0.0008164965809287466,-0.0079999999999991,1.6862925372581525,-1.1357631932471433,4.1624027127910965,-0.5244167407907837,-0.14560194602934765
2020-07-15 15:21:00,-0.009999999999998,0.0,86.05000000000001,0.0010327955589899357,-0.0079999999999991,1.6862925372581525,-1.1357631932471433,4.226763840793761,-0.5242922519128048,-0.14560194602934765
2020-07-15 15:22:00,-0.009999999999998,0.0,85.85,0.001673320053068916,-0.0079999999999991,1.6862925372581525,-1.1357631932471433,4.153208265933571,-0.5239236039593997,-0.14560194602934765
2020-07-15 15:23:00,-0.009999999999998,0.0,85.875,0.0010954451150117016,-0.0060000000000002,1.6862925372581525,-1.1357631932471433,4.1624027127910965,-0.5242561945397884,-0.1425613577950802
2020-07-15 15:24:00,-0.009999999999998,0.0,86.35,0.001264911064067763,-0.0079999999999991,1.6862925372581525,-1.1357631932471433,4.33709720308403,-0.5241586599788639,-0.14560194602934765
2020-07-15 15:25:00,-0.009999999999998,0.0,86.20000000000002,0.0008164965809287466,-0.0079999999999991,1.6862925372581525,-1.1357631932471433,4.2819305219389,-0.5244167407907837,-0.14560194602934765
2020-07-15 15:26:00,-0.009999999999998,0.0,86.27499999999998,0.0008164965809272361,-0.0079999999999991,1.6862925372581525,-1.1357631932471433,4.309513862511454,-0.5244167407907846,-0.14560194602934765
2020-07-15 15:27:00,-0.009999999999998,0.0,86.15,0.0008164965809287466,-0.0079999999999991,1.6862925372581525,-1.1357631932471433,4.263541628223851,-0.5244167407907837,-0.14560194602934765
2020-07-15 15:28:00,-0.009999999999998,0.0,87.20000000000002,0.0015118578920370507,-0.0079999999999991,1.6862925372581525,-1.1357631932471433,4.6497083962398165,-0.5240165320140909,-0.14560194602934765
2020-07-15 15:29:00,-0.009999999999998,0.0,87.525,0.001264911064067763,-0.0079999999999991,1.6862925372581525,-1.1357631932471433,4.76923620538761,-0.5241586599788639,-0.14560194602934765
2020-07-15 15:30:00,-0.0079999999999991,0.0,87.45000000000002,0.0010327955589899357,-0.0079999999999991,2.5213204786782253,-1.1357631932471433,4.7416528648150456,-0.5242922519128048,-0.14560194602934765
2020-07-15 15:31:00,-0.009999999999998,0.0,87.67499999999998,0.0012649110640677945,-0.0060000000000002,1.6862925372581525,-1.1357631932471433,4.824402886532739,-0.5241586599788639,-0.1425613577950802
2020-07-15 15:32:00,-0.0079999999999991,0.0,87.85,0.0008164965809272361,-0.0060000000000002,2.5213204786782253,-1.1357631932471433,4.888764014535403,-0.5244167407907846,-0.1425613577950802
2020-07-15 15:33:00,-0.009999999999998,0.0,87.92500000000001,0.0010327955589899357,-0.0079999999999991,1.6862925372581525,-1.1357631932471433,4.916347355107979,-0.5242922519128048,-0.14560194602934765
2020-07-15 15:34:00,-0.0079999999999991,0.0,88.15,0.0008164965809287466,-0.0060000000000002,2.5213204786782253,-1.1357631932471433,4.999097376825683,-0.5244167407907837,-0.1425613577950802
2020-07-15 15:35:00,-0.0079999999999991,0.0,88.25,0.0010327955589880763,-0.0079999999999991,2.5213204786782253,-1.1357631932471433,5.035875164255772,-0.5242922519128059,-0.14560194602934765
2020-07-15 15:36:00,-0.009999999999998,0.0,88.32500000000002,0.001032795558988076,-0.0060000000000002,1.6862925372581525,-1.1357631932471433,5.063458504828347,-0.5242922519128059,-0.1425613577950802
2020-07-15 15:37:00,-0.0079999999999991,0.0,88.32500000000002,0.0008164965809272769,-0.0060000000000002,2.5213204786782253,-1.1357631932471433,5.063458504828347,-0.5244167407907846,-0.1425613577950802
2020-07-15 15:38:00,-0.0079999999999991,0.0,88.57500000000002,0.0012649110640677943,-0.0079999999999991,2.5213204786782253,-1.1357631932471433,5.155402973403576,-0.5241586599788639,-0.14560194602934765
2020-07-15 15:39:00,-0.0079999999999991,0.0,88.67499999999998,0.0008164965809272767,-0.0060000000000002,2.5213204786782253,-1.1357631932471433,5.192180760833655,-0.5244167407907846,-0.1425613577950802
2020-07-15 15:40:00,-0.0079999999999991,0.0,88.39999999999998,0.0010327955589899357,-0.0060000000000002,2.5213204786782253,-1.1357631932471433,5.091041845400901,-0.5242922519128048,-0.1425613577950802
2020-07-15 15:41:00,-0.0079999999999991,0.0,88.1,0.0010327955589899357,-0.0040000000000013,2.5213204786782253,-1.1357631932471433,4.980708483110632,-0.5242922519128048,-0.13952076956081275
2020-07-15 15:42:00,-0.009999999999998,0.0,87.85,0.001095445115009675,-0.0060000000000002,1.6862925372581525,-1.1357631932471433,4.888764014535403,-0.5242561945397896,-0.1425613577950802
2020-07-15 15:43:00,-0.009999999999998,0.0,87.975,0.001032795558988025,-0.0060000000000002,1.6862925372581525,-1.1357631932471433,4.934736248823018,-0.5242922519128059,-0.1425613577950802
2020-07-15 15:44:00,-0.009999999999998,0.0,87.975,0.0012649110640677629,-0.0060000000000002,1.6862925372581525,-1.1357631932471433,4.934736248823018,-0.5241586599788639,-0.1425613577950802
2020-07-15 15:45:00,-0.0079999999999991,0.0,87.82499999999999,0.0010954451150117016,-0.0060000000000002,2.5213204786782253,-1.1357631932471433,4.879569567677879,-0.5242561945397884,-0.1425613577950802
2020-07-15 15:46:00,-0.0079999999999991,0.0,87.525,0.0009759000729497531,-0.0060000000000002,2.5213204786782253,-1.1357631932471433,4.76923620538761,-0.5243249975840174,-0.1425613577950802
2020-07-15 15:47:00,-0.0079999999999991,0.0,87.94999999999999,0.0,-0.0060000000000002,2.5213204786782253,-1.1357631932471433,4.925541801965493,-0.5248866678525965,-0.1425613577950802
2020-07-15 15:48:00,-0.0079999999999991,0.0,87.875,0.0015055453054184057,-0.0060000000000002,2.5213204786782253,-1.1357631932471433,4.897958461392928,-0.5240201651649838,-0.1425613577950802
2020-07-15 15:49:00,-0.0079999999999991,0.0,88.07499999999999,0.0015055453054189278,-0.0060000000000002,2.5213204786782253,-1.1357631932471433,4.971514036253108,-0.5240201651649836,-0.1425613577950802
2020-07-15 15:50:00,-0.0079999999999991,0.0,87.94999999999999,0.001264911064067763,-0.0060000000000002,2.5213204786782253,-1.1357631932471433,4.925541801965493,-0.5241586599788639,-0.1425613577950802
2020-07-15 15:51:00,-0.0079999999999991,0.0,88.025,0.0019663841604991702,-0.0060000000000002,2.5213204786782253,-1.1357631932471433,4.9531251425380685,-0.5237549336206081,-0.1425613577950802
2020-07-15 15:52:00,-0.0079999999999991,0.0,88.45000000000002,0.001095445115009675,-0.0060000000000002,2.5213204786782253,-1.1357631932471433,5.109430739115962,-0.5242561945397896,-0.1425613577950802
2020-07-15 15:53:00,-0.009999999999998,0.0,88.25,0.001032795558988025,-0.0079999999999991,1.6862925372581525,-1.1357631932471433,5.035875164255772,-0.5242922519128059,-0.14560194602934765
2020-07-15 15:54:00,-0.009999999999998,0.0,88.25,0.001032795558988025,-0.0079999999999991,1.6862925372581525,-1.1357631932471433,5.035875164255772,-0.5242922519128059,-0.14560194602934765
2020-07-15 15:55:00,-0.0079999999999991,0.0,88.05000000000001,0.001095445115009675,-0.0060000000000002,2.5213204786782253,-1.1357631932471433,4.962319589395593,-0.5242561945397896,-0.1425613577950802
2020-07-15 15:56:00,-0.0079999999999991,0.0,87.94999999999999,0.0016329931618544722,-0.0079999999999991,2.5213204786782253,-1.1357631932471433,4.925541801965493,-0.5239468137289727,-0.14560194602934765
2020-07-15 15:57:00,-0.0079999999999991,0.0,87.45000000000002,0.001032795558988025,-0.0079999999999991,2.5213204786782253,-1.1357631932471433,4.7416528648150456,-0.5242922519128059,-0.14560194602934765
2020-07-15 15:58:00,-0.009999999999998,0.0,87.15,0.0015055453054172588,-0.0079999999999991,1.6862925372581525,-1.1357631932471433,4.631319502524766,-0.5240201651649845,-0.14560194602934765
2020-07-15 15:59:00,-0.009999999999998,0.0,86.92500000000001,0.0015055453054172586,-0.0079999999999991,1.6862925372581525,-1.1357631932471433,4.548569480807062,-0.5240201651649845,-0.14560194602934765
2020-07-15 16:00:00,-0.009999999999998,0.0,86.75,0.0017888543819987585,-0.0079999999999991,1.6862925372581525,-1.1357631932471433,4.484208352804398,-0.5238571092440505,-0.14560194602934765
2020-07-15 16:01:00,-0.0120000000000004,0.0,86.42499999999998,0.0008164965809272361,-0.0079999999999991,0.8512645958366191,-1.1357631932471433,4.364680543656594,-0.5244167407907846,-0.14560194602934765
2020-07-15 16:02:00,-0.009999999999998,0.0,86.17500000000001,0.0,-0.0079999999999991,1.6862925372581525,-1.1357631932471433,4.272736075081375,-0.5248866678525965,-0.14560194602934765
2020-07-15 16:03:00,-0.009999999999998,0.0,86.375,0.0008164965809287466,-0.0079999999999991,1.6862925372581525,-1.1357631932471433,4.346291649941555,-0.5244167407907837,-0.14560194602934765
2020-07-15 16:04:00,-0.009999999999998,0.0,86.27499999999998,0.0016329931618563175,-0.0079999999999991,1.6862925372581525,-1.1357631932471433,4.309513862511454,-0.5239468137289717,-0.14560194602934765
2020-07-15 16:05:00,-0.009999999999998,0.0,86.25,0.0015055453054188973,-0.0079999999999991,1.6862925372581525,-1.1357631932471433,4.30031941565394,-0.5240201651649836,-0.14560194602934765
2020-07-15 16:06:00,-0.009999999999998,0.0,86.25,0.0010327955589899357,-0.0079999999999991,1.6862925372581525,-1.1357631932471433,4.30031941565394,-0.5242922519128048,-0.14560194602934765
2020-07-15 16:07:00,-0.009999999999998,0.0,86.15,0.001573591584937942,-0.0079999999999991,1.6862925372581525,-1.1357631932471433,4.263541628223851,-0.5239810017576301,-0.14560194602934765
2020-07-15 16:08:00,-0.009999999999998,0.0,86.20000000000002,0.001032795558988025,-0.0079999999999991,1.6862925372581525,-1.1357631932471433,4.2819305219389,-0.5242922519128059,-0.14560194602934765
2020-07-15 16:09:00,-0.009999999999998,0.0,86.05000000000001,0.0010327955589899357,-0.0079999999999991,1.6862925372581525,-1.1357631932471433,4.226763840793761,-0.5242922519128048,-0.14560194602934765
2020-07-15 16:10:00,-0.009999999999998,0.0,86.07499999999999,0.0015055453054189278,-0.0079999999999991,1.6862925372581525,-1.1357631932471433,4.235958287651275,-0.5240201651649836,-0.14560194602934765
2020-07-15 16:11:00,-0.009999999999998,0.0,86.15,0.0008164965809272768,-0.0079999999999991,1.6862925372581525,-1.1357631932471433,4.263541628223851,-0.5244167407907846,-0.14560194602934765
2020-07-15 16:12:00,-0.0079999999999991,0.0,86.15,0.001264911064067763,-0.0079999999999991,2.5213204786782253,-1.1357631932471433,4.263541628223851,-0.5241586599788639,-0.14560194602934765
2020-07-15 16:13:00,-0.0079999999999991,0.0,85.94999999999999,0.0015055453054189278,-0.0060000000000002,2.5213204786782253,-1.1357631932471433,4.189986053363661,-0.5240201651649836,-0.1425613577950802
2020-07-15 16:14:00,-0.009999999999998,0.0,86.17500000000001,0.0012649110640665928,-0.0079999999999991,1.6862925372581525,-1.1357631932471433,4.272736075081375,-0.5241586599788647,-0.14560194602934765
2020-07-15 16:15:00,-0.0079999999999991,0.0,85.42499999999998,0.0015055453054172586,-0.0079999999999991,2.5213204786782253,-1.1357631932471433,3.996902669355678,-0.5240201651649845,-0.14560194602934765
2020-07-15 16:16:00,-0.009999999999998,0.0,85.25,0.001032795558988025,-0.0079999999999991,1.6862925372581525,-1.1357631932471433,3.932541541353024,-0.5242922519128059,-0.14560194602934765
2020-07-15 16:17:00,-0.009999999999998,0.0,85.54999999999998,0.0015055453054172586,-0.0060000000000002,1.6862925372581525,-1.1357631932471433,4.042874903643292,-0.5240201651649845,-0.1425613577950802
2020-07-15 16:18:00,-0.0079999999999991,0.0,85.42499999999998,0.001032795558988025,-0.0060000000000002,2.5213204786782253,-1.1357631932471433,3.996902669355678,-0.5242922519128059,-0.1425613577950802
2020-07-15 16:19:00,-0.009999999999998,0.0,85.27499999999998,0.0008164965809272361,-0.0060000000000002,1.6862925372581525,-1.1357631932471433,3.9417359882105383,-0.5244167407907846,-0.1425613577950802
2020-07-15 16:20:00,-0.0079999999999991,0.0,85.60000000000002,0.001032795558988025,-0.0060000000000002,2.5213204786782253,-1.1357631932471433,4.061263797358353,-0.5242922519128059,-0.1425613577950802
2020-07-15 16:21:00,-0.0079999999999991,0.0,84.85,0.0015055453054189278,-0.0060000000000002,2.5213204786782253,-1.1357631932471433,3.785430391632655,-0.5240201651649836,-0.1425613577950802
2020-07-15 16:22:00,-0.0079999999999991,0.0,84.75,0.0020655911179777537,-0.0079999999999991,2.5213204786782253,-1.1357631932471433,3.7486526042025656,-0.5236978359730144,-0.14560194602934765
2020-07-15 16:23:00,-0.009999999999998,0.0,85.05000000000001,0.001505545305418897,-0.0060000000000002,1.6862925372581525,-1.1357631932471433,3.8589859664928445,-0.5240201651649836,-0.1425613577950802
2020-07-15 16:24:00,-0.009999999999998,0.0,84.4,0.001505545305418897,-0.0079999999999991,1.6862925372581525,-1.1357631932471433,3.619930348197247,-0.5240201651649836,-0.14560194602934765
2020-07-15 16:25:00,-0.009999999999998,0.0,84.17500000000001,0.0008164965809272361,-0.0079999999999991,1.6862925372581525,-1.1357631932471433,3.537180326479543,-0.5244167407907846,-0.14560194602934765
2020-07-15 16:26:00,-0.009999999999998,0.0,84.05000000000001,0.0007559289460180009,-0.0079999999999991,1.6862925372581525,-1.1357631932471433,3.4912080921919286,-0.524451599933344,-0.14560194602934765
2020-07-15 16:27:00,-0.009999999999998,0.0,84.125,0.001032795558988025,-0.0079999999999991,1.6862925372581525,-1.1357631932471433,3.518791432764493,-0.5242922519128059,-0.14560194602934765
2020-07-15 16:28:00,-0.009999999999998,0.0,83.85,0.001264911064067763,-0.0079999999999991,1.6862925372581525,-1.1357631932471433,3.417652517331739,-0.5241586599788639,-0.14560194602934765
2020-07-15 16:29:00,-0.009999999999998,0.0,83.67500000000001,0.0008164965809287467,-0.0079999999999991,1.6862925372581525,-1.1357631932471433,3.353291389329085,-0.5244167407907837,-0.14560194602934765
2020-07-15 16:30:00,-0.009999999999998,0.0,83.94999999999999,0.0010954451150117016,-0.0079999999999991,1.6862925372581525,-1.1357631932471433,3.4544303047618286,-0.5242561945397884,-0.14560194602934765
2020-07-15 16:31:00,-0.009999999999998,0.0,83.69999999999999,0.0,-0.0079999999999991,1.6862925372581525,-1.1357631932471433,3.3624858361865995,-0.5248866678525965,-0.14560194602934765
2020-07-15 16:32:00,-0.0079999999999991,0.0,83.94999999999999,0.0008164965809287466,-0.0060000000000002,2.5213204786782253,-1.1357631932471433,3.4544303047618286,-0.5244167407907837,-0.1425613577950802
2020-07-15 16:33:00,-0.0079999999999991,0.0,84.0,0.0008164965809287468,-0.0060000000000002,2.5213204786782253,-1.1357631932471433,3.4728191984768784,-0.5244167407907837,-0.1425613577950802
2020-07-15 16:34:00,-0.009999999999998,0.0,83.80000000000001,0.001032795558988025,-0.0079999999999991,1.6862925372581525,-1.1357631932471433,3.3992636236166995,-0.5242922519128059,-0.14560194602934765
2020-07-15 16:35:00,-0.009999999999998,0.0,84.32500000000002,0.0008164965809287467,-0.0079999999999991,1.6862925372581525,-1.1357631932471433,3.5923470076246824,-0.5244167407907837,-0.14560194602934765
2020-07-15 16:36:00,-0.009999999999998,0.0,84.94999999999999,0.001032795558988025,-0.0079999999999991,1.6862925372581525,-1.1357631932471433,3.8222081790627445,-0.5242922519128059,-0.14560194602934765
2020-07-15 16:37:00,-0.009999999999998,0.0,84.75,0.001095445115009675,-0.0079999999999991,1.6862925372581525,-1.1357631932471433,3.7486526042025656,-0.5242561945397896,-0.14560194602934765
2020-07-15 16:38:00,-0.009999999999998,0.0,84.65,0.0008164965809287466,-0.0079999999999991,1.6862925372581525,-1.1357631932471433,3.711874816772476,-0.5244167407907837,-0.14560194602934765
2020-07-15 16:39:00,-0.009999999999998,0.0,84.775,0.0010327955589899357,-0.0079999999999991,1.6862925372581525,-1.1357631932471433,3.7578470510600908,-0.5242922519128048,-0.14560194602934765
2020-07-15 16:40:00,-0.009999999999998,0.0,84.975,0.0010954451150117018,-0.0079999999999991,1.6862925372581525,-1.1357631932471433,3.8314026259202696,-0.5242561945397884,-0.14560194602934765
2020-07-15 16:41:00,-0.009999999999998,0.0,85.1,0.0008164965809287466,-0.0079999999999991,1.6862925372581525,-1.1357631932471433,3.877374860207884,-0.5244167407907837,-0.14560194602934765
2020-07-15 16:42:00,-0.009999999999998,0.0,85.15,0.001032795558988076,-0.0079999999999991,1.6862925372581525,-1.1357631932471433,3.895763753922934,-0.5242922519128059,-0.14560194602934765
2020-07-15 16:43:00,-0.0079999999999991,0.0,85.15,0.0015055453054184497,-0.0079999999999991,2.5213204786782253,-1.1357631932471433,3.895763753922934,-0.5240201651649838,-0.14560194602934765
2020-07-15 16:44:00,-0.0079999999999991,0.0,85.30000000000001,0.0010327955589880763,-0.0079999999999991,2.5213204786782253,-1.1357631932471433,3.9509304350680736,-0.5242922519128059,-0.14560194602934765
2020-07-15 16:45:00,-0.0079999999999991,0.0,85.42499999999998,0.0,-0.0060000000000002,2.5213204786782253,-1.1357631932471433,3.996902669355678,-0.5248866678525965,-0.1425613577950802
2020-07-15 16:46:00,-0.0079999999999991,0.0,85.45000000000002,0.0009759000729479962,-0.0060000000000002,2.5213204786782253,-1.1357631932471433,4.006097116213213,-0.5243249975840184,-0.1425613577950802
2020-07-15 16:47:00,-0.009999999999998,0.0,85.54999999999998,0.0010954451150117016,-0.0060000000000002,1.6862925372581525,-1.1357631932471433,4.042874903643292,-0.5242561945397884,-0.1425613577950802
2020-07-15 16:48:00,-0.009999999999998,0.0,85.15,0.0008164965809287468,-0.0060000000000002,1.6862925372581525,-1.1357631932471433,3.895763753922934,-0.5244167407907837,-0.1425613577950802
2020-07-15 16:49:00,-0.0079999999999991,0.0,84.875,0.0012649110640677629,-0.0060000000000002,2.5213204786782253,-1.1357631932471433,3.79462483849018,-0.5241586599788639,-0.1425613577950802
2020-07-15 16:50:00,-0.009999999999998,0.0,84.775,0.0010327955589899357,-0.0079999999999991,1.6862925372581525,-1.1357631932471433,3.7578470510600908,-0.5242922519128048,-0.14560194602934765
2020-07-15 16:51:00,-0.009999999999998,0.0,84.775,0.0010954451150117016,-0.0060000000000002,1.6862925372581525,-1.1357631932471433,3.7578470510600908,-0.5242561945397884,-0.1425613577950802
2020-07-15 16:52:00,-0.0079999999999991,0.0,84.775,0.001966384160500587,-0.0060000000000002,2.5213204786782253,-1.1357631932471433,3.7578470510600908,-0.5237549336206073,-0.1425613577950802
2020-07-15 16:53:00,-0.0079999999999991,0.0,84.44999999999999,0.0008164965809272361,-0.0060000000000002,2.5213204786782253,-1.1357631932471433,3.6383192419122867,-0.5244167407907846,-0.1425613577950802
2020-07-15 16:54:00,-0.009999999999998,0.0,84.35,0.001632993161856285,-0.0079999999999991,1.6862925372581525,-1.1357631932471433,3.601541454482197,-0.5239468137289717,-0.14560194602934765
2020-07-15 16:55:00,-0.009999999999998,0.0,84.54999999999998,0.0,-0.0060000000000002,1.6862925372581525,-1.1357631932471433,3.675097029342376,-0.5248866678525965,-0.1425613577950802
2020-07-15 16:56:00,-0.009999999999998,0.0,84.44999999999999,0.001505545305418897,-0.0079999999999991,1.6862925372581525,-1.1357631932471433,3.6383192419122867,-0.5240201651649836,-0.14560194602934765
2020-07-15 16:57:00,-0.009999999999998,0.0,84.67499999999998,0.0008164965809287467,-0.0060000000000002,1.6862925372581525,-1.1357631932471433,3.7210692636299907,-0.5244167407907837,-0.1425613577950802
2020-07-15 16:58:00,-0.009999999999998,0.0,84.75,0.0012649110640677629,-0.0079999999999991,1.6862925372581525,-1.1357631932471433,3.7486526042025656,-0.5241586599788639,-0.14560194602934765
2020-07-15 16:59:00,-0.009999999999998,0.0,84.875,0.0015055453054172586,-0.0079999999999991,1.6862925372581525,-1.1357631932471433,3.79462483849018,-0.5240201651649845,-0.14560194602934765
2020-07-15 17:00:00,-0.009999999999998,0.0,84.67499999999998,0.001032795558988025,-0.0079999999999991,1.6862925372581525,-1.1357631932471433,3.7210692636299907,-0.5242922519128059,-0.14560194602934765
2020-07-15 17:01:00,-0.009999999999998,0.0,84.54999999999998,0.001095445115009675,-0.0079999999999991,1.6862925372581525,-1.1357631932471433,3.675097029342376,-0.5242561945397896,-0.14560194602934765
2020-07-15 17:02:00,-0.009999999999998,0.0,84.65,0.0012649110640665928,-0.0079999999999991,1.6862925372581525,-1.1357631932471433,3.711874816772476,-0.5241586599788647,-0.14560194602934765
2020-07-15 17:03:00,-0.0120000000000004,0.0,84.44999999999999,0.0017888543819987585,-0.0079999999999991,0.8512645958366191,-1.1357631932471433,3.6383192419122867,-0.5238571092440505,-0.14560194602934765
2020-07-15 17:04:00,-0.009999999999998,0.0,84.25,0.0015055453054172586,-0.0079999999999991,1.6862925372581525,-1.1357631932471433,3.5647636670521075,-0.5240201651649845,-0.14560194602934765
2020-07-15 17:05:00,-0.009999999999998,0.0,83.94999999999999,0.0019999999999994332,-0.0079999999999991,1.6862925372581525,-1.1357631932471433,3.4544303047618286,-0.5237355863348316,-0.14560194602934765
2020-07-15 17:06:00,-0.009999999999998,0.0,83.775,0.002065591117976663,-0.0079999999999991,1.6862925372581525,-1.1357631932471433,3.3900691767591744,-0.5236978359730151,-0.14560194602934765
2020-07-15 17:07:00,-0.009999999999998,0.0,83.44999999999999,0.0008164965809272361,-0.0079999999999991,1.6862925372581525,-1.1357631932471433,3.2705413676113704,-0.5244167407907846,-0.14560194602934765
2020-07-15 17:08:00,-0.009999999999998,0.0,83.275,0.001966384160499879,-0.0079999999999991,1.6862925372581525,-1.1357631932471433,3.2061802396087162,-0.5237549336206077,-0.14560194602934765
2020-07-15 17:09:00,-0.0120000000000004,0.0,83.07500000000002,0.0008164965809272361,-0.0079999999999991,0.8512645958366191,-1.1357631932471433,3.1326246647485374,-0.5244167407907846,-0.14560194602934765
2020-07-15 17:10:00,-0.009999999999998,0.0,83.07500000000002,0.0015055453054184057,-0.009999999999998,1.6862925372581525,-1.1357631932471433,3.1326246647485374,-0.5240201651649838,-0.14864253426361507
2020-07-15 17:11:00,-0.009999999999998,0.0,82.725,0.0010327955589899357,-0.009999999999998,1.6862925372581525,-1.1357631932471433,3.0039024087432082,-0.5242922519128048,-0.14864253426361507
2020-07-15 17:12:00,-0.0120000000000004,0.0,82.725,0.0010327955589899357,-0.0079999999999991,0.8512645958366191,-1.1357631932471433,3.0039024087432082,-0.5242922519128048,-0.14560194602934765
2020-07-15 17:13:00,-0.0120000000000004,0.0,82.54999999999998,0.0010327955589899357,-0.0079999999999991,0.8512645958366191,-1.1357631932471433,2.939541280740544,-0.5242922519128048,-0.14560194602934765
2020-07-15 17:14:00,-0.009999999999998,0.0,82.67500000000001,0.0,-0.0079999999999991,1.6862925372581525,-1.1357631932471433,2.9855135150281686,-0.5248866678525965,-0.14560194602934765
2020-07-15 17:15:00,-0.009999999999998,0.0,82.57499999999999,0.0,-0.0079999999999991,1.6862925372581525,-1.1357631932471433,2.9487357275980686,-0.5248866678525965,-0.14560194602934765
2020-07-15 17:16:00,-0.009999999999998,0.0,82.6,0.0008164965809287468,-0.0079999999999991,1.6862925372581525,-1.1357631932471433,2.9579301744555937,-0.5244167407907837,-0.14560194602934765
2020-07-15 17:17:00,-0.009999999999998,0.0,82.57499999999999,0.0010954451150117016,-0.0079999999999991,1.6862925372581525,-1.1357631932471433,2.9487357275980686,-0.5242561945397884,-0.14560194602934765
2020-07-15 17:18:00,-0.009999999999998,0.0,82.57499999999999,0.0012649110640677943,-0.0060000000000002,1.6862925372581525,-1.1357631932471433,2.9487357275980686,-0.5241586599788639,-0.1425613577950802
2020-07-15 17:19:00,-0.009999999999998,0.0,82.57499999999999,0.0010954451150117018,-0.0079999999999991,1.6862925372581525,-1.1357631932471433,2.9487357275980686,-0.5242561945397884,-0.14560194602934765
2020-07-15 17:20:00,-0.0079999999999991,0.0,82.65,0.0008164965809272361,-0.0060000000000002,2.5213204786782253,-1.1357631932471433,2.976319068170644,-0.5244167407907846,-0.1425613577950802
2020-07-15 17:21:00,-0.009999999999998,0.0,82.5,0.001966384160501052,-0.0079999999999991,1.6862925372581525,-1.1357631932471433,2.9211523870255043,-0.523754933620607,-0.14560194602934765
2020-07-15 17:22:00,-0.009999999999998,0.0,82.69999999999999,0.0016329931618544722,-0.0079999999999991,1.6862925372581525,-1.1357631932471433,2.994707961885683,-0.5239468137289727,-0.14560194602934765
2020-07-15 17:23:00,-0.009999999999998,0.0,82.44999999999999,0.0,-0.0079999999999991,1.6862925372581525,-1.1357631932471433,2.902763493310454,-0.5248866678525965,-0.14560194602934765
2020-07-15 17:26:00,-0.0079999999999991,0.0,81.15,0.0012649110640677629,-0.0060000000000002,2.5213204786782253,-1.1357631932471433,2.4246522567192694,-0.5241586599788639,-0.1425613577950802
2020-07-15 17:27:00,-0.0079999999999991,0.0,80.9,0.0010327955589899357,-0.0060000000000002,2.5213204786782253,-1.1357631932471433,2.3327077881440403,-0.5242922519128048,-0.1425613577950802
2020-07-15 17:28:00,-0.0079999999999991,0.0,80.975,0.0008164965809272361,-0.0079999999999991,2.5213204786782253,-1.1357631932471433,2.360291128716605,-0.5244167407907846,-0.14560194602934765
2020-07-15 17:29:00,-0.0079999999999991,0.0,80.875,0.0012649110640665928,-0.0060000000000002,2.5213204786782253,-1.1357631932471433,2.3235133412865157,-0.5241586599788647,-0.1425613577950802
2020-07-15 17:30:00,-0.0079999999999991,0.0,80.80000000000001,0.0,-0.0060000000000002,2.5213204786782253,-1.1357631932471433,2.295930000713951,-0.5248866678525965,-0.1425613577950802
2020-07-15 17:31:00,-0.009999999999998,0.0,80.67500000000001,0.001032795558988025,-0.0060000000000002,1.6862925372581525,-1.1357631932471433,2.2499577664263364,-0.5242922519128059,-0.1425613577950802
2020-07-15 17:32:00,-0.009999999999998,0.0,80.67500000000001,0.001095445115009675,-0.0079999999999991,1.6862925372581525,-1.1357631932471433,2.2499577664263364,-0.5242561945397896,-0.14560194602934765
2020-07-15 17:33:00,-0.009999999999998,0.0,80.875,0.0008164965809272361,-0.0079999999999991,1.6862925372581525,-1.1357631932471433,2.3235133412865157,-0.5244167407907846,-0.14560194602934765
2020-07-15 17:34:00,-0.009999999999998,0.0,80.9,0.0016329931618544722,-0.0079999999999991,1.6862925372581525,-1.1357631932471433,2.3327077881440403,-0.5239468137289727,-0.14560194602934765
2020-07-15 17:35:00,-0.009999999999998,0.0,80.67500000000001,0.001032795558988025,-0.0079999999999991,1.6862925372581525,-1.1357631932471433,2.2499577664263364,-0.5242922519128059,-0.14560194602934765
2020-07-15 17:36:00,-0.0120000000000004,0.0,80.625,0.0008164965809287468,-0.0060000000000002,0.8512645958366191,-1.1357631932471433,2.2315688727112866,-0.5244167407907837,-0.1425613577950802
2020-07-15 17:37:00,-0.009999999999998,0.0,81.07500000000002,0.001032795558988025,-0.009999999999998,1.6862925372581525,-1.1357631932471433,2.397068916146705,-0.5242922519128059,-0.14864253426361507
2020-07-15 17:38:00,-0.009999999999998,0.0,81.375,0.001095445115009675,-0.0079999999999991,1.6862925372581525,-1.1357631932471433,2.5074022784369734,-0.5242561945397896,-0.14560194602934765
2020-07-15 17:39:00,-0.009999999999998,0.0,81.25,0.0008164965809272361,-0.009999999999998,1.6862925372581525,-1.1357631932471433,2.461430044149359,-0.5244167407907846,-0.14864253426361507
2020-07-15 17:40:00,-0.0120000000000004,0.0,81.35,0.001505545305418897,-0.009999999999998,0.8512645958366191,-1.1357631932471433,2.4982078315794487,-0.5240201651649836,-0.14864253426361507
2020-07-15 17:41:00,-0.009999999999998,0.0,81.35,0.0010954451150117016,-0.0079999999999991,1.6862925372581525,-1.1357631932471433,2.4982078315794487,-0.5242561945397884,-0.14560194602934765
2020-07-15 17:42:00,-0.0120000000000004,0.0,81.375,0.0010327955589899357,-0.009999999999998,0.8512645958366191,-1.1357631932471433,2.5074022784369734,-0.5242922519128048,-0.14864253426361507
2020-07-15 17:43:00,-0.0120000000000004,0.0,81.375,0.0007559289460193994,-0.009999999999998,0.8512645958366191,-1.1357631932471433,2.5074022784369734,-0.5244515999333432,-0.14864253426361507
2020-07-15 17:44:00,-0.009999999999998,0.0,81.375,0.0008164965809287467,-0.009999999999998,1.6862925372581525,-1.1357631932471433,2.5074022784369734,-0.5244167407907837,-0.14864253426361507
2020-07-15 17:45:00,-0.0120000000000004,0.0,81.375,0.001095445115009675,-0.0079999999999991,0.8512645958366191,-1.1357631932471433,2.5074022784369734,-0.5242561945397896,-0.14560194602934765
2020-07-15 17:46:00,-0.009999999999998,0.0,81.57499999999999,0.0015055453054184055,-0.009999999999998,1.6862925372581525,-1.1357631932471433,2.5809578532971527,-0.5240201651649838,-0.14864253426361507
2020-07-15 17:47:00,-0.0120000000000004,0.0,81.525,0.001264911064067763,-0.009999999999998,0.8512645958366191,-1.1357631932471433,2.562568959582113,-0.5241586599788639,-0.14864253426361507
2020-07-15 17:48:00,-0.009999999999998,0.0,81.44999999999999,0.0010327955589899357,-0.009999999999998,1.6862925372581525,-1.1357631932471433,2.534985619009538,-0.5242922519128048,-0.14864253426361507
2020-07-15 17:49:00,-0.009999999999998,0.0,81.47500000000002,0.0008164965809272361,-0.0079999999999991,1.6862925372581525,-1.1357631932471433,2.5441800658670735,-0.5244167407907846,-0.14560194602934765
2020-07-15 17:50:00,-0.009999999999998,0.0,81.54999999999998,0.0008164965809272361,-0.0079999999999991,1.6862925372581525,-1.1357631932471433,2.5717634064396275,-0.5244167407907846,-0.14560194602934765
2020-07-15 17:51:00,-0.009999999999998,0.0,81.6,0.001264911064067763,-0.0079999999999991,1.6862925372581525,-1.1357631932471433,2.590152300154678,-0.5241586599788639,-0.14560194602934765
2020-07-15 17:52:00,-0.009999999999998,0.0,81.6,0.0010327955589899357,-0.0079999999999991,1.6862925372581525,-1.1357631932471433,2.590152300154678,-0.5242922519128048,-0.14560194602934765
2020-07-15 17:53:00,-0.009999999999998,0.0,81.625,0.0016329931618556809,-0.0079999999999991,1.6862925372581525,-1.1357631932471433,2.5993467470122025,-0.523946813728972,-0.14560194602934765
2020-07-15 17:54:00,-0.009999999999998,0.0,81.57499999999999,0.0008164965809272361,-0.0079999999999991,1.6862925372581525,-1.1357631932471433,2.5809578532971527,-0.5244167407907846,-0.14560194602934765
2020-07-15 17:55:00,-0.009999999999998,0.0,81.54999999999998,0.001505545305418406,-0.0079999999999991,1.6862925372581525,-1.1357631932471433,2.5717634064396275,-0.5240201651649838,-0.14560194602934765
2020-07-15 17:56:00,-0.009999999999998,0.0,81.65,0.0010954451150117016,-0.0079999999999991,1.6862925372581525,-1.1357631932471433,2.6085411938697276,-0.5242561945397884,-0.14560194602934765
2020-07-15 17:57:00,-0.009999999999998,0.0,81.65,0.0010954451150117016,-0.0079999999999991,1.6862925372581525,-1.1357631932471433,2.6085411938697276,-0.5242561945397884,-0.14560194602934765
2020-07-15 17:58:00,-0.009999999999998,0.0,81.65,0.0010327955589899357,-0.0079999999999991,1.6862925372581525,-1.1357631932471433,2.6085411938697276,-0.5242922519128048,-0.14560194602934765
2020-07-15 17:59:00,-0.009999999999998,0.0,81.725,0.001264911064067763,-0.0079999999999991,1.6862925372581525,-1.1357631932471433,2.6361245344422923,-0.5241586599788639,-0.14560194602934765
2020-07-15 18:00:00,-0.009999999999998,0.0,81.75,0.0016329931618563175,-0.0079999999999991,1.6862925372581525,-1.1357631932471433,2.645318981299817,-0.5239468137289717,-0.14560194602934765
2020-07-15 18:01:00,-0.009999999999998,0.0,81.375,0.0010327955589899357,-0.0079999999999991,1.6862925372581525,-1.1357631932471433,2.5074022784369734,-0.5242922519128048,-0.14560194602934765
2020-07-15 18:02:00,-0.009999999999998,0.0,80.82499999999999,0.0009759000729497531,-0.0079999999999991,1.6862925372581525,-1.1357631932471433,2.3051244475714654,-0.5243249975840174,-0.14560194602934765
2020-07-15 18:03:00,-0.0120000000000004,0.0,80.65,0.0008164965809287468,-0.0079999999999991,0.8512645958366191,-1.1357631932471433,2.2407633195688113,-0.5244167407907837,-0.14560194602934765
2020-07-15 18:04:00,-0.009999999999998,0.0,80.875,0.0010954451150117016,-0.0079999999999991,1.6862925372581525,-1.1357631932471433,2.3235133412865157,-0.5242561945397884,-0.14560194602934765
2020-07-15 18:05:00,-0.009999999999998,0.0,80.775,0.0012649110640677943,-0.0079999999999991,1.6862925372581525,-1.1357631932471433,2.286735553856426,-0.5241586599788639,-0.14560194602934765
2020-07-15 18:06:00,-0.009999999999998,0.0,80.82499999999999,0.0008164965809287467,-0.0079999999999991,1.6862925372581525,-1.1357631932471433,2.3051244475714654,-0.5244167407907837,-0.14560194602934765
2020-07-15 18:07:00,-0.009999999999998,0.0,80.67500000000001,0.0010327955589899357,-0.0079999999999991,1.6862925372581525,-1.1357631932471433,2.2499577664263364,-0.5242922519128048,-0.14560194602934765
2020-07-15 18:08:00,-0.009999999999998,0.0,80.775,0.0,-0.0079999999999991,1.6862925372581525,-1.1357631932471433,2.286735553856426,-0.5248866678525965,-0.14560194602934765
2020-07-15 18:09:00,-0.009999999999998,0.0,80.95000000000002,0.0015055453054188973,-0.0079999999999991,1.6862925372581525,-1.1357631932471433,2.3510966818590906,-0.5240201651649836,-0.14560194602934765
2020-07-15 18:10:00,-0.009999999999998,0.0,81.17500000000001,0.001264911064067763,-0.0079999999999991,1.6862925372581525,-1.1357631932471433,2.4338467035767946,-0.5241586599788639,-0.14560194602934765
2020-07-15 18:11:00,-0.009999999999998,0.0,80.725,0.0010327955589899357,-0.0079999999999991,1.6862925372581525,-1.1357631932471433,2.268346660141376,-0.5242922519128048,-0.14560194602934765
2020-07-15 18:12:00,-0.009999999999998,0.0,80.69999999999999,0.001032795558988025,-0.0079999999999991,1.6862925372581525,-1.1357631932471433,2.259152213283851,-0.5242922519128059,-0.14560194602934765
2020-07-15 18:13:00,-0.009999999999998,0.0,80.67500000000001,0.0010327955589899357,-0.009999999999998,1.6862925372581525,-1.1357631932471433,2.2499577664263364,-0.5242922519128048,-0.14864253426361507
2020-07-15 18:14:00,-0.0120000000000004,0.0,80.525,0.001032795558988025,-0.0079999999999991,0.8512645958366191,-1.1357631932471433,2.1947910852811967,-0.5242922519128059,-0.14560194602934765
2020-07-15 18:15:00,-0.009999999999998,0.0,80.44999999999999,0.001032795558988025,-0.0079999999999991,1.6862925372581525,-1.1357631932471433,2.1672077447086218,-0.5242922519128059,-0.14560194602934765
2020-07-15 18:16:00,-0.009999999999998,0.0,80.5,0.0008164965809287468,-0.0079999999999991,1.6862925372581525,-1.1357631932471433,2.185596638423672,-0.5244167407907837,-0.14560194602934765
2020-07-15 18:17:00,-0.0120000000000004,0.0,80.375,0.0,-0.0079999999999991,0.8512645958366191,-1.1357631932471433,2.1396244041360575,-0.5248866678525965,-0.14560194602934765
2020-07-15 18:18:00,-0.009999999999998,0.0,80.275,0.0010327955589899357,-0.0079999999999991,1.6862925372581525,-1.1357631932471433,2.102846616705968,-0.5242922519128048,-0.14560194602934765
2020-07-15 18:19:00,-0.0120000000000004,0.0,80.275,0.001032795558988025,-0.0079999999999991,0.8512645958366191,-1.1357631932471433,2.102846616705968,-0.5242922519128059,-0.14560194602934765
2020-07-15 18:20:00,-0.009999999999998,0.0,79.775,0.001154700538379627,-0.0079999999999991,1.6862925372581525,-1.1357631932471433,1.9189576795555099,-0.5242220906284554,-0.14560194602934765
2020-07-15 18:21:00,-0.009999999999998,0.0,79.85,0.0,-0.0079999999999991,1.6862925372581525,-1.1357631932471433,1.9465410201280744,-0.5248866678525965,-0.14560194602934765
2020-07-15 18:22:00,-0.009999999999998,0.0,80.0,0.0012649110640677629,-0.0079999999999991,1.6862925372581525,-1.1357631932471433,2.001707701273214,-0.5241586599788639,-0.14560194602934765
2020-07-15 18:23:00,-0.009999999999998,0.0,80.07500000000002,0.0008164965809272361,-0.0079999999999991,1.6862925372581525,-1.1357631932471433,2.029291041845789,-0.5244167407907846,-0.14560194602934765
2020-07-15 18:24:00,-0.009999999999998,0.0,79.55000000000001,0.001505545305418897,-0.0079999999999991,1.6862925372581525,-1.1357631932471433,1.8362076578378057,-0.5240201651649836,-0.14560194602934765
2020-07-15 18:25:00,-0.009999999999998,0.0,79.75,0.0008164965809287466,-0.009999999999998,1.6862925372581525,-1.1357631932471433,1.9097632326979848,-0.5244167407907837,-0.14864253426361507
2020-07-15 18:26:00,-0.009999999999998,0.0,79.67500000000001,0.0010327955589899357,-0.009999999999998,1.6862925372581525,-1.1357631932471433,1.8821798921254203,-0.5242922519128048,-0.14864253426361507
2020-07-15 18:27:00,-0.009999999999998,0.0,79.65,0.0010954451150117018,-0.0079999999999991,1.6862925372581525,-1.1357631932471433,1.8729854452678953,-0.5242561945397884,-0.14560194602934765
2020-07-15 18:28:00,-0.0120000000000004,0.0,79.57499999999999,0.0012649110640677943,-0.0079999999999991,0.8512645958366191,-1.1357631932471433,1.8454021046953202,-0.5241586599788639,-0.14560194602934765
2020-07-15 18:29:00,-0.009999999999998,0.0,79.57499999999999,0.0008164965809272769,-0.0079999999999991,1.6862925372581525,-1.1357631932471433,1.8454021046953202,-0.5244167407907846,-0.14560194602934765
2020-07-15 18:30:00,-0.009999999999998,0.0,79.55000000000001,0.0008164965809272767,-0.0079999999999991,1.6862925372581525,-1.1357631932471433,1.8362076578378057,-0.5244167407907846,-0.14560194602934765
2020-07-15 18:31:00,-0.009999999999998,0.0,79.55000000000001,0.0008164965809287466,-0.0079999999999991,1.6862925372581525,-1.1357631932471433,1.8362076578378057,-0.5244167407907837,-0.14560194602934765
2020-07-15 18:32:00,-0.009999999999998,0.0,79.44999999999999,0.0010327955589899357,-0.0079999999999991,1.6862925372581525,-1.1357631932471433,1.7994298704077059,-0.5242922519128048,-0.14560194602934765
2020-07-15 18:33:00,-0.009999999999998,0.0,79.4,0.0010954451150117018,-0.0079999999999991,1.6862925372581525,-1.1357631932471433,1.7810409766926663,-0.5242561945397884,-0.14560194602934765
2020-07-15 18:34:00,-0.009999999999998,0.0,79.275,0.0008164965809287468,-0.0060000000000002,1.6862925372581525,-1.1357631932471433,1.7350687424050517,-0.5244167407907837,-0.1425613577950802
2020-07-15 18:35:00,-0.0079999999999991,0.0,79.25,0.0010954451150117018,-0.0060000000000002,2.5213204786782253,-1.1357631932471433,1.7258742955475268,-0.5242561945397884,-0.1425613577950802
2020-07-15 18:36:00,-0.009999999999998,0.0,79.20000000000002,0.0010327955589899357,-0.0079999999999991,1.6862925372581525,-1.1357631932471433,1.7074854018324872,-0.5242922519128048,-0.14560194602934765
2020-07-15 18:37:00,-0.009999999999998,0.0,79.15,0.0010327955589899357,-0.0079999999999991,1.6862925372581525,-1.1357631932471433,1.6890965081174372,-0.5242922519128048,-0.14560194602934765
2020-07-15 18:38:00,-0.009999999999998,0.0,79.125,0.0010954451150117018,-0.009999999999998,1.6862925372581525,-1.1357631932471433,1.6799020612599123,-0.5242561945397884,-0.14864253426361507
2020-07-15 18:39:00,-0.009999999999998,0.0,79.0,0.0008164965809287467,-0.0079999999999991,1.6862925372581525,-1.1357631932471433,1.6339298269722977,-0.5244167407907837,-0.14560194602934765
2020-07-15 18:40:00,-0.009999999999998,0.0,78.975,0.0012649110640677943,-0.0079999999999991,1.6862925372581525,-1.1357631932471433,1.6247353801147726,-0.5241586599788639,-0.14560194602934765
2020-07-15 18:41:00,-0.009999999999998,0.0,79.0,0.0,-0.0079999999999991,1.6862925372581525,-1.1357631932471433,1.6339298269722977,-0.5248866678525965,-0.14560194602934765
2020-07-15 18:42:00,-0.009999999999998,0.0,78.875,0.0010327955589899357,-0.0079999999999991,1.6862925372581525,-1.1357631932471433,1.5879575926846832,-0.5242922519128048,-0.14560194602934765
2020-07-15 18:43:00,-0.009999999999998,0.0,78.875,0.0011547005383796556,-0.0079999999999991,1.6862925372581525,-1.1357631932471433,1.5879575926846832,-0.5242220906284554,-0.14560194602934765
2020-07-15 18:44:00,-0.009999999999998,0.0,78.80000000000001,0.0010954451150117016,-0.0079999999999991,1.6862925372581525,-1.1357631932471433,1.5603742521121187,-0.5242561945397884,-0.14560194602934765
2020-07-15 18:45:00,-0.009999999999998,0.0,78.775,0.0010327955589899357,-0.0079999999999991,1.6862925372581525,-1.1357631932471433,1.5511798052545935,-0.5242922519128048,-0.14560194602934765
2020-07-15 18:46:00,-0.009999999999998,0.0,78.67500000000001,0.0008164965809287466,-0.0079999999999991,1.6862925372581525,-1.1357631932471433,1.5144020178245041,-0.5244167407907837,-0.14560194602934765
2020-07-15 18:47:00,-0.009999999999998,0.0,78.6,0.0008164965809287466,-0.0079999999999991,1.6862925372581525,-1.1357631932471433,1.4868186772519292,-0.5244167407907837,-0.14560194602934765
2020-07-15 18:48:00,-0.0079999999999991,0.0,78.475,0.0010327955589899357,-0.0060000000000002,2.5213204786782253,-1.1357631932471433,1.4408464429643146,-0.5242922519128048,-0.1425613577950802
2020-07-15 18:49:00,-0.009999999999998,0.0,78.5,0.0008164965809287466,-0.0079999999999991,1.6862925372581525,-1.1357631932471433,1.4500408898218395,-0.5244167407907837,-0.14560194602934765
2020-07-15 18:50:00,-0.009999999999998,0.0,78.275,0.0016329931618563177,-0.009999999999998,1.6862925372581525,-1.1357631932471433,1.3672908681041356,-0.5239468137289717,-0.14864253426361507
2020-07-15 18:51:00,-0.009999999999998,0.0,78.775,0.0,-0.0079999999999991,1.6862925372581525,-1.1357631932471433,1.5511798052545935,-0.5248866678525965,-0.14560194602934765
2020-07-15 18:52:00,-0.009999999999998,0.0,79.375,0.0008164965809287466,-0.0079999999999991,1.6862925372581525,-1.1357631932471433,1.7718465298351411,-0.5244167407907837,-0.14560194602934765
2020-07-15 18:53:00,-0.009999999999998,0.0,80.275,0.0012649110640677943,-0.0079999999999991,1.6862925372581525,-1.1357631932471433,2.102846616705968,-0.5241586599788639,-0.14560194602934765
2020-07-15 18:54:00,-0.009999999999998,3.655,79.775,0.10415117218095389,-0.0019999999999988,1.6862925372581525,1.0383858705725817,1.9189576795555099,-0.4649434231770591,-0.13648018132653983
2020-07-15 18:55:00,-0.009999999999998,3.61375,77.025,0.07240349899463822,-0.0079999999999991,1.6862925372581525,1.0138486205363126,0.9075685252279904,-0.4832155030954677,-0.14560194602934765
2020-07-15 18:56:00,-0.009999999999998,3.609583333333333,75.77499999999999,0.06468899958004166,-0.0060000000000002,1.6862925372581525,1.011370110431639,0.4478461823518399,-0.4876555119429438,-0.1425613577950802
2020-07-15 18:57:00,-0.009999999999998,3.5975,75.275,0.0625513122697408,-0.0079999999999991,1.6862925372581525,1.0041824311280856,0.263957245201387,-0.48888583811976816,-0.14560194602934765
2020-07-15 18:58:00,-0.009999999999998,3.57875,74.77499999999999,0.059339700032945294,-0.0079999999999991,1.6862925372581525,0.993029135657054,0.08006830805092374,-0.49073425186377,-0.14560194602934765
2020-07-15 18:59:00,-0.0079999999999991,3.6050000000000004,74.0,0.05708940357019073,-0.0079999999999991,2.5213204786782253,1.0086437493164984,-0.20495954453228316,-0.49202938919765454,-0.14560194602934765
2020-07-15 19:00:00,-0.009999999999998,3.5895833333333336,73.32499999999999,0.05784692443567514,-0.0079999999999991,1.6862925372581525,0.9994732619292057,-0.45320960968540575,-0.49159340506386423,-0.14560194602934765
2020-07-15 19:01:00,-0.009999999999998,0.03624999999999955,72.7,0.05656029231419068,-0.0079999999999991,1.6862925372581525,-1.1142001553364829,-0.6830707811234731,-0.49233391429146617,-0.14560194602934765
