timestamp,delta_seconds
2020-04-27 01:12:49,172918.0
2020-06-28 23:07:43,130476.0
2020-03-01 04:00:09,100981.0
2020-08-05 08:23:01,88833.0
2020-05-25 01:14:14,88491.0
2020-07-08 15:20:51,86160.0
2020-08-23 18:51:01,85157.0
2020-05-10 22:48:58,80261.0
2020-06-08 11:48:04,77305.0
2020-04-02 09:59:17,74617.0
2020-03-28 23:05:32,51353.0
2020-07-14 21:28:05,51088.0
2020-05-01 12:33:38,46455.0
2020-08-03 09:01:16,44806.0
2020-05-17 23:10:01,43585.0
2020-03-30 07:33:30,42256.0
2020-03-20 06:25:41,33535.0
2020-05-01 21:26:05,31659.0
2020-06-02 18:47:39,31654.0
2020-04-30 23:34:46,30526.0
2020-03-07 10:39:40,29475.0
2020-02-24 07:46:31,28714.0
2020-08-16 02:51:25,26443.0
2020-03-15 08:28:45,26385.0
2020-03-07 18:01:29,26232.0
2020-06-18 04:57:54,26008.0
2020-04-04 02:32:23,23421.0
2020-05-21 05:55:44,22571.0
2020-04-13 16:39:08,22135.0
2020-03-15 23:25:28,22070.0
