event,feature,mean_abs_shap,mean_signed_shap,mean_feature_value
F02,TP2_mean,0.10794887478364663,0.10430823821952215,8.153485446352454
F02,TP2_std,1.4643328840919464e-05,1.0779479316257552e-05,0.6896510157909047
F02,TP2_min,0.006295128541856976,0.0035469140632224854,6.785595907928389
F02,TP2_max,0.1484507901573728,0.14830762832903463,8.525191815856777
F02,TP2_last,0.0003546814237669053,0.0003392053679660561,8.13988746803069
F02,TP3_mean,0.23398871828690654,0.2333611458029198,8.40533479478748
F02,TP3_std,0.0,0.0,0.014335123801447778
F02,TP3_min,0.100037610075415,0.09989034191687964,8.386797953964194
F02,TP3_max,0.08535218420712828,0.08519629048090692,8.424342710997443
F02,TP3_last,0.011923127128864501,0.01182208681672342,8.406255754475703
F02,H1_mean,0.004488724850364028,0.00448861429660247,0.09605748386311157
F02,H1_std,1.8354366585924144,1.831447536866287,0.012074285353302041
F02,H1_min,0.0,0.0,0.09002046035805784
F02,H1_max,0.0,0.0,0.11950895140665033
F02,H1_last,0.0,0.0,0.11712531969309571
F02,DV_pressure_mean,11.575673994841807,11.568453910213341,1.9192902204360003
F02,DV_pressure_std,0.027389279811208943,0.022469887761429056,0.20754780455588612
F02,DV_pressure_min,0.9791451193119615,0.9752844332332604,1.5111304347826089
F02,DV_pressure_max,3.2030537789526092,3.200554638391784,2.0343989769820974
F02,DV_pressure_last,0.45724345500073066,0.457156636628256,1.917074168797954
F02,Reservoirs_mean,0.017741175408738645,0.017735531178683865,8.407422603824138
F02,Reservoirs_std,0.000150835421198726,6.929623529603441e-05,0.014219870077268743
F02,Reservoirs_min,0.023699614772829797,0.023666304106287474,8.389002557544758
F02,Reservoirs_max,0.038713467881570804,0.038553284480997485,8.426230179028133
F02,Reservoirs_last,0.06950925452904175,0.0691685109234895,8.408398976982097
F02,Oil_temperature_mean,0.08775554196473623,0.08774246515600896,75.85936548532456
F02,Oil_temperature_std,9.400033652444596e-05,4.7701134869958256e-05,0.10851222439318689
F02,Oil_temperature_min,0.31628821178943833,0.31621843420867873,75.73101023017902
F02,Oil_temperature_max,0.0,0.0,76.00831202046037
F02,Oil_temperature_last,0.009647865140173772,0.009642316731180711,75.86003836317136
F02,Motor_current_mean,0.0865992412685803,0.0865992412685803,5.561791803677993
F02,Motor_current_std,0.005495402275621768,-0.0007119414912559226,0.15972013508776542
F02,Motor_current_min,0.0008657897278524976,0.0008455153671311438,5.267001278772379
F02,Motor_current_max,0.24907019625676027,0.2487926153299073,5.702001278772379
F02,Motor_current_last,0.0,0.0,5.556297953964194
F02,COMP_mean,0.0043363224512152024,-0.00415356306542234,0.010656436487638534
F02,COMP_last,0.0003400792166558815,-0.00031290179971176684,0.01278772378516624
F02,COMP_transition_sum,0.00028591837519264103,0.00028591837519264103,0.0025575447570332483
F02,DV_eletric_mean,0.0,0.0,0.9893435635123614
F02,DV_eletric_last,0.0,0.0,0.9872122762148338
F02,DV_eletric_transition_sum,0.0,0.0,0.0025575447570332483
F02,Towers_mean,0.033806039704932,0.03206344908500548,0.505541346973572
F02,Towers_last,8.900908730720286e-05,-3.434916026681222e-05,0.5038363171355499
F02,Towers_transition_sum,0.0002455558812846846,0.0002455558812846846,1.0025575447570332
F02,MPG_mean,0.0006855895863078616,-0.0006544304992428039,0.010656436487638534
F02,MPG_last,0.00012056028842569489,-0.00011141550275502997,0.01278772378516624
F02,MPG_transition_sum,1.5336702187422435e-05,-1.5051051784124805e-05,0.0025575447570332483
F02,LPS_mean,0.0,0.0,0.0
F02,LPS_last,0.0,0.0,0.0
F02,LPS_transition_sum,0.0,0.0,0.0
F02,Pressure_switch_mean,0.000665703901718398,-0.000665703901718398,0.9953111679454391
F02,Pressure_switch_last,5.02731660707339e-06,5.02731660707339e-06,0.9948849104859335
F02,Pressure_switch_transition_sum,0.00041623823854228476,0.00041623823854228476,0.056265984654731455
F02,Oil_level_mean,5.816919749828768e-05,5.816919749828768e-05,1.0
F02,Oil_level_last,3.5209124362142317e-05,3.5209124362142317e-05,1.0
F02,Oil_level_transition_sum,1.3943102668957605e-05,-1.3943102668957605e-05,0.0
F02,Caudal_impulses_mean,0.0015054540501088286,0.0015054540501088286,1.0
F02,Caudal_impulses_last,0.0010083836285997882,0.0010083836285997882,1.0
F02,Caudal_impulses_transition_sum,0.0,0.0,0.0
F02,COMP_MPG_mismatch_mean,0.0,0.0,0.0
F02,COMP_DV_equal_mean,0.004831393065166296,-0.004831393065166296,0.0
F02,TP3_Reservoir_abs_diff_mean,0.0,0.0,0.0021248325417123357
F02,TP3_Reservoir_abs_diff_max,0.0,0.0,0.003473145780051484
F02,TP3_minus_Reservoirs_mean,0.0,0.0,-0.0020878090366581534
F02,TP2_minus_TP3_mean,0.0,0.0,-0.2518493484350262
F02,H1_minus_TP3_mean,0.010541177816827237,0.010519235069969704,-8.309277310924369
F02,TP2_minus_H1_mean,0.010295319111156507,0.009838646082911911,8.057427962489344
F02,Motor_current_x_COMP0,0.05061310368149586,0.05061310368149586,5.520315887224456
F02,Motor_current_x_COMP1,0.2966900356616142,0.29581097708789444,0.04147591645353794
F02,TP2_x_COMP0,0.011639383782191726,-0.01161523031149359,8.149856716599682
F02,H1_x_COMP1,0.002408304632094516,0.0023953817728868455,0.10097271952259165
F03,TP2_mean,0.028449438981477306,0.0032183708591001403,7.9187958877758415
F03,TP2_std,0.0006900598428097528,-2.3172050739118776e-05,0.6448773865616122
F03,TP2_min,0.002303061682685676,0.0007895812576291058,6.642175304878048
F03,TP2_max,1.3025613844537354,-1.070484686230581,8.26846875
F03,TP2_last,0.30884013841663766,0.30884013841663766,7.922708079268293
F03,TP3_mean,0.07879286287523235,0.015596045146431986,8.049329553208478
F03,TP3_std,0.011306380919079014,-0.009642424951137638,0.01326123316539534
F03,TP3_min,0.29686025473416194,0.29686025473416194,8.031612042682926
F03,TP3_max,0.6546751307698949,0.011498046874886123,8.066407774390244
F03,TP3_last,0.19313132064344335,-0.19305748996168992,8.049282774390244
F03,H1_mean,0.04483806763644084,0.043480678571704685,-0.007071490272938017
F03,H1_std,0.41035867473644344,0.4103108214098038,0.000972177354493795
F03,H1_min,0.013549069253996373,0.01334823958382147,-0.008190548780486851
F03,H1_max,0.0005475857673570722,-0.0002008326102839599,-0.005961128048780554
F03,H1_last,0.003311703842044397,0.0028372966188234773,-0.00707850609756055
F03,DV_pressure_mean,3.1843648978105894,3.1843648978105894,2.0321141332752615
F03,DV_pressure_std,0.002440898968419543,-0.002440898968419543,0.21164881672472918
F03,DV_pressure_min,0.952888464600682,0.952888464600682,1.613564024390244
F03,DV_pressure_max,1.1464899660072965,-0.4010669992217927,2.1484001524390246
F03,DV_pressure_last,0.06597999531224816,0.06577010297872551,2.0334153963414634
F03,Reservoirs_mean,0.01602388880673544,-0.006481393050348535,8.05143519163763
F03,Reservoirs_std,0.05206749947331665,-0.04441556285421405,0.013236124440673245
F03,Reservoirs_min,0.09063056330058347,0.09063056330058347,8.033761432926829
F03,Reservoirs_max,0.07403388649401935,0.07224560401468821,8.068495426829267
F03,Reservoirs_last,0.026279081314939612,-0.019095136767010232,8.05139481707317
F03,Oil_temperature_mean,0.19634515791139737,0.19634515791139737,75.72031256805313
F03,Oil_temperature_std,0.0,0.0,0.11636473188998726
F03,Oil_temperature_min,0.8785191983037635,0.8785191983037635,75.57912538109755
F03,Oil_temperature_max,0.25250691054021057,0.25250691054021057,75.87901105182927
F03,Oil_temperature_last,0.06769470917601089,0.06769470917601089,75.71947408536585
F03,Motor_current_mean,0.04396738227400206,0.04396738227400206,5.495187976371951
F03,Motor_current_std,0.0013484885146422781,0.0010520046651962187,0.15124608877398696
F03,Motor_current_min,0.06303617694219296,0.051355371381575636,5.220982278963414
F03,Motor_current_max,0.03056313314163032,0.03056313314163032,5.636016577743903
F03,Motor_current_last,0.005335010086123435,0.0028655567382593282,5.4954249237804875
F03,COMP_mean,0.005390809630390351,-0.005390809630390351,0.0
F03,COMP_last,0.00013642929750548735,-0.00013642929750548735,0.0
F03,COMP_transition_sum,0.0003365043885300587,0.0003365043885300587,0.0
F03,DV_eletric_mean,0.0,0.0,1.0
F03,DV_eletric_last,0.0,0.0,1.0
F03,DV_eletric_transition_sum,0.0,0.0,0.0
F03,Towers_mean,0.00023682188606286928,0.00016566100227703102,0.5010026495354238
F03,Towers_last,6.79275461952025e-06,1.1507671751660164e-06,0.5034298780487805
F03,Towers_transition_sum,0.009839764871011911,0.009835887312079749,1.0148628048780488
F03,MPG_mean,0.00630664161660683,-0.00630664161660683,0.0
F03,MPG_last,0.0007517077752658587,-0.0007517077752658587,0.0
F03,MPG_transition_sum,1.414039099676901e-05,3.003549339499436e-07,0.0
F03,LPS_mean,0.0,0.0,0.0
F03,LPS_last,0.0,0.0,0.0
F03,LPS_transition_sum,0.0,0.0,0.0
F03,Pressure_switch_mean,3.88392652595422e-05,-3.88392652595422e-05,0.9957534843205575
F03,Pressure_switch_last,1.3266753221173934e-05,-5.553758616574362e-06,0.9973323170731707
F03,Pressure_switch_transition_sum,0.0016928335058050512,0.0016928335058050512,0.051067073170731704
F03,Oil_level_mean,6.721161265730934e-05,-6.721161265730934e-05,1.0
F03,Oil_level_last,3.181621413366084e-05,3.181621413366084e-05,1.0
F03,Oil_level_transition_sum,0.0,0.0,0.0
F03,Caudal_impulses_mean,0.00047267990266366484,0.00047267990266366484,1.0
F03,Caudal_impulses_last,5.782356036439936e-06,5.782356036439936e-06,1.0
F03,Caudal_impulses_transition_sum,0.0,0.0,0.0
F03,COMP_MPG_mismatch_mean,0.0,0.0,0.0
F03,COMP_DV_equal_mean,0.0002919775396000998,-0.0002919775396000998,0.0
F03,TP3_Reservoir_abs_diff_mean,0.0018893269526800516,-0.0005412639512197188,0.0021803335511033787
F03,TP3_Reservoir_abs_diff_max,0.002869029703456077,0.0006728228458995728,0.0035282012195126484
F03,TP3_minus_Reservoirs_mean,0.03127344231708989,-0.016366337483573398,-0.002105638429152152
F03,TP2_minus_TP3_mean,0.0005688972660145783,0.00023796569052118638,-0.13053366543263645
F03,H1_minus_TP3_mean,0.3157036481757295,-0.16018083998040059,-8.056401043481417
F03,TP2_minus_H1_mean,0.002696079192620932,0.0010888966989617982,7.92586737804878
F03,Motor_current_x_COMP0,0.010628282510411565,0.009549203649557123,5.495187976371951
F03,Motor_current_x_COMP1,0.5179817842062591,0.5179817842062591,0.0
F03,TP2_x_COMP0,0.02626215026562701,-0.013267230788973714,7.9187958877758415
F03,H1_x_COMP1,0.03305270081275747,0.03302239459158505,0.0
F04,TP2_mean,0.052020633480659266,0.024858831879514768,8.237965126571076
F04,TP2_std,0.005994681485110689,-0.005019040969357528,0.23426014545974416
F04,TP2_min,0.05401152013802484,0.05401152013802484,7.784594795539034
F04,TP2_max,0.12930807420283116,-0.02309110465631425,8.384245353159852
F04,TP2_last,0.061126408035963496,0.06057526589794418,8.263940520446097
F04,TP3_mean,0.076975044004883,0.07318828891696087,8.20983767038414
F04,TP3_std,0.05955910670582597,0.053320810652052256,0.05010701173672948
F04,TP3_min,0.1336304136361198,0.12303058540819262,8.146059479553903
F04,TP3_max,0.2187380688162823,0.1958084754678151,8.27546468401487
F04,TP3_last,0.012576366530221742,0.00462888551857889,8.211234200743494
F04,H1_mean,0.019844304522382877,-0.013411828251444342,0.27468720127456203
F04,H1_std,0.6273815487451511,0.6264746519509368,0.0030827832693920013
F04,H1_min,0.013310306636318789,0.013310306636318789,0.2707583643122673
F04,H1_max,0.00389709187960616,-0.0038930752911239216,0.27872118959107844
F04,H1_last,0.01159626975936794,-0.00904800639835688,0.27204460966542754
F04,DV_pressure_mean,0.48550096551989885,0.39827600376556394,-0.008760665604530498
F04,DV_pressure_std,0.0495483599883418,0.04716465540470984,0.00096105932399707
F04,DV_pressure_min,1.4493859139833107,1.4493859139833107,-0.009799256505574566
F04,DV_pressure_max,0.5301636415840213,-0.5301636415840213,-0.007643122676579183
F04,DV_pressure_last,0.28148633221275615,0.276459612254583,-0.008810408921931804
F04,Reservoirs_mean,0.07240723289577168,0.06992354650341111,8.207621879978758
F04,Reservoirs_std,0.09742775728006223,0.08488776168751896,0.05010552044371909
F04,Reservoirs_min,0.1021390932196732,0.1021390932196732,8.143910780669147
F04,Reservoirs_max,0.12342791796169551,0.09267156925380933,8.273278810408922
F04,Reservoirs_last,0.0078081196942105975,-0.0031838054025751304,8.209026022304833
F04,Oil_temperature_mean,0.28267836495806603,0.28267836495806603,83.87167419012215
F04,Oil_temperature_std,0.03282097580721347,-0.007402261718283905,0.1421356178875643
F04,Oil_temperature_min,1.3139573704018146,1.3139573704018146,83.68364312267659
F04,Oil_temperature_max,0.24090792037683637,0.24090792037683637,84.05102230483271
F04,Oil_temperature_last,0.0263737034347481,0.0181715965230411,83.85269516728623
F04,Motor_current_mean,0.03792159864946689,0.03759752073207223,5.489819437068507
F04,Motor_current_std,0.0033888780654022996,-0.0033469433271230455,0.09394167698371074
F04,Motor_current_min,0.21684055406458513,0.21578024251921232,5.343698884758364
F04,Motor_current_max,0.23192730738688463,0.11773834133284226,5.580594795539033
F04,Motor_current_last,0.003988071656247873,-0.0007586561285538291,5.484776951672863
F04,COMP_mean,0.005719830342917399,0.0027250207628820955,0.02973977695167286
F04,COMP_last,0.00015252505094547818,-0.00015114514524090287,0.02973977695167286
F04,COMP_transition_sum,0.0012761759632582217,0.0012761759632582217,0.0037174721189591076
F04,DV_eletric_mean,0.0,0.0,0.9702602230483272
F04,DV_eletric_last,0.0,0.0,0.9702602230483272
F04,DV_eletric_transition_sum,0.0,0.0,0.0037174721189591076
F04,Towers_mean,0.0004549343843280482,0.0003709257797400332,0.5122145512480085
F04,Towers_last,2.1368971176322036e-05,-1.178377907070015e-05,0.516728624535316
F04,Towers_transition_sum,0.0005138641129500186,0.0005138641129500186,0.9851301115241635
F04,MPG_mean,8.13802215398057e-05,7.644041680122555e-05,0.02973977695167286
F04,MPG_last,0.0,0.0,0.02973977695167286
F04,MPG_transition_sum,0.00020764706641225188,0.00020764706641225188,0.0037174721189591076
F04,LPS_mean,0.0,0.0,0.3258983890954152
F04,LPS_last,0.0,0.0,0.32342007434944237
F04,LPS_transition_sum,0.0,0.0,0.007434944237918215
F04,Pressure_switch_mean,5.291270821061028e-05,-5.291270821061028e-05,0.9962825278810409
F04,Pressure_switch_last,0.0,0.0,1.0
F04,Pressure_switch_transition_sum,0.0011846375720907538,0.0007620937811767353,0.04460966542750929
F04,Oil_level_mean,7.283168583929942e-05,-7.283168583929942e-05,1.0
F04,Oil_level_last,0.0,0.0,1.0
F04,Oil_level_transition_sum,0.0,0.0,0.0
F04,Caudal_impulses_mean,0.0,0.0,1.0
F04,Caudal_impulses_last,0.0,0.0,1.0
F04,Caudal_impulses_transition_sum,0.0,0.0,0.0
F04,COMP_MPG_mismatch_mean,0.0,0.0,0.0
F04,COMP_DV_equal_mean,0.0006033322436785702,-0.0006033322436785702,0.0
F04,TP3_Reservoir_abs_diff_mean,0.015221727774397571,-0.003359625593492071,0.0024653921047973165
F04,TP3_Reservoir_abs_diff_max,0.013101297792332796,0.0014761450248933336,0.0040074349442382464
F04,TP3_minus_Reservoirs_mean,0.2697357060551536,-0.22421103527248454,0.0022157904053814862
F04,TP2_minus_TP3_mean,0.0020835316409072912,0.0020818636732858995,0.02812745618693572
F04,H1_minus_TP3_mean,0.041589489681599145,0.002945221306152732,-7.935150469109576
F04,TP2_minus_H1_mean,0.003986429442197709,0.0009681466316064637,7.963277925296513
F04,Motor_current_x_COMP0,0.12025493894785984,0.06976748190912169,5.395821605593911
F04,Motor_current_x_COMP1,1.4426685390565868,1.4279224887581676,0.09399783147459727
F04,TP2_x_COMP0,0.16521257795519517,0.015769795525771266,8.238177022481855
F04,H1_x_COMP1,0.007183281733019496,0.003385256978317501,0.27685749690210654
